timestamp,open,high,low,close,volume
2026-05-12 10:25:00,0.2823,0.2825,0.2813,0.2815,139248.2
2026-05-12 10:30:00,0.2816,0.2817,0.2797,0.2809,318361.0
2026-05-12 10:35:00,0.2811,0.2819,0.2799,0.2814,286116.4
2026-05-12 10:40:00,0.2815,0.2833,0.2814,0.2829,546126.9
2026-05-12 10:45:00,0.2829,0.2837,0.2823,0.2825,250247.9
2026-05-12 10:50:00,0.2825,0.2841,0.2822,0.283,209337.9
2026-05-12 10:55:00,0.2829,0.2829,0.2819,0.2821,150746.1
2026-05-12 11:00:00,0.2822,0.2822,0.2802,0.2809,112010.5
2026-05-12 11:05:00,0.2809,0.2814,0.2795,0.2813,153366.0
2026-05-12 11:10:00,0.2815,0.2824,0.2807,0.2813,133086.0
2026-05-12 11:15:00,0.2813,0.2813,0.2805,0.2812,110681.5
2026-05-12 11:20:00,0.2812,0.2823,0.2805,0.2822,269113.9
2026-05-12 11:25:00,0.2821,0.2834,0.2818,0.2826,232616.1
2026-05-12 11:30:00,0.2825,0.284,0.2825,0.2838,233826.3
2026-05-12 11:35:00,0.2838,0.2844,0.2832,0.2844,245382.5
2026-05-12 11:40:00,0.2844,0.2852,0.284,0.285,241899.8
2026-05-12 11:45:00,0.285,0.2852,0.2841,0.2846,102520.8
2026-05-12 11:50:00,0.2845,0.2868,0.2842,0.2868,146635.7
2026-05-12 11:55:00,0.2869,0.2872,0.2862,0.2869,178138.7
2026-05-12 12:00:00,0.287,0.2882,0.2863,0.2864,424387.5
2026-05-12 12:05:00,0.2864,0.2868,0.2838,0.2856,314628.8
2026-05-12 12:10:00,0.2857,0.2875,0.2856,0.2869,368951.3
2026-05-12 12:15:00,0.2869,0.288,0.2869,0.2874,241954.4
2026-05-12 12:20:00,0.2873,0.2882,0.2863,0.288,237562.1
2026-05-12 12:25:00,0.288,0.29,0.2876,0.2886,369810.5
2026-05-12 12:30:00,0.2887,0.2895,0.2866,0.2888,324098.4
2026-05-12 12:35:00,0.2888,0.2901,0.2877,0.2897,505301.1
2026-05-12 12:40:00,0.2898,0.2907,0.2827,0.2832,751078.6
2026-05-12 12:45:00,0.2831,0.2848,0.2825,0.2831,420504.2
2026-05-12 12:50:00,0.2831,0.2862,0.283,0.2861,319110.5
2026-05-12 12:55:00,0.2861,0.2862,0.2852,0.286,350791.2
2026-05-12 13:00:00,0.2861,0.2887,0.2859,0.2869,268008.7
2026-05-12 13:05:00,0.287,0.2887,0.2868,0.2884,184788.5
2026-05-12 13:10:00,0.2886,0.2889,0.286,0.286,219997.6
2026-05-12 13:15:00,0.2859,0.2874,0.2853,0.2857,219065.0
2026-05-12 13:20:00,0.2857,0.287,0.2854,0.2868,134742.2
2026-05-12 13:25:00,0.2867,0.2871,0.2854,0.2863,142345.2
2026-05-12 13:30:00,0.2864,0.2865,0.2844,0.2851,201415.1
2026-05-12 13:35:00,0.285,0.285,0.2821,0.2841,270870.1
2026-05-12 13:40:00,0.2841,0.2842,0.2822,0.2827,148292.0
2026-05-12 13:45:00,0.2828,0.2842,0.282,0.2828,160441.2
2026-05-12 13:50:00,0.2828,0.2855,0.2823,0.2847,277138.3
2026-05-12 13:55:00,0.2846,0.2852,0.2831,0.2837,266061.3
2026-05-12 14:00:00,0.2838,0.2852,0.2827,0.2845,185203.0
2026-05-12 14:05:00,0.2846,0.2868,0.2846,0.2866,249481.4
2026-05-12 14:10:00,0.2866,0.2892,0.2859,0.2884,343004.2
2026-05-12 14:15:00,0.2884,0.2895,0.287,0.2889,383319.9
2026-05-12 14:20:00,0.289,0.2913,0.2885,0.2898,672614.5
2026-05-12 14:25:00,0.2899,0.291,0.2849,0.2864,714902.8
2026-05-12 14:30:00,0.2863,0.2869,0.2841,0.2856,351410.4
2026-05-12 14:35:00,0.2856,0.2869,0.2831,0.2867,517680.7
2026-05-12 14:40:00,0.2866,0.2868,0.2846,0.285,243761.0
2026-05-12 14:45:00,0.2849,0.2862,0.2833,0.2841,285658.7
2026-05-12 14:50:00,0.2841,0.2845,0.2802,0.2806,371730.0
2026-05-12 14:55:00,0.2807,0.2811,0.2785,0.2804,531221.6
2026-05-12 15:00:00,0.2804,0.2806,0.2748,0.2751,1776138.9
2026-05-12 15:05:00,0.2751,0.276,0.2734,0.2757,460141.3
2026-05-12 15:10:00,0.2756,0.2776,0.2753,0.277,166866.6
2026-05-12 15:15:00,0.2771,0.2773,0.2741,0.2742,390305.0
2026-05-12 15:20:00,0.2741,0.275,0.2728,0.2748,354802.4
2026-05-12 15:25:00,0.2749,0.2754,0.2734,0.2735,163792.5
2026-05-12 15:30:00,0.2736,0.2745,0.272,0.2742,311408.1
2026-05-12 15:35:00,0.2743,0.2745,0.2726,0.2726,224860.3
2026-05-12 15:40:00,0.2727,0.2759,0.2722,0.2754,267825.4
2026-05-12 15:45:00,0.2754,0.2762,0.2751,0.2759,222067.4
2026-05-12 15:50:00,0.276,0.2773,0.2753,0.2759,354366.2
2026-05-12 15:55:00,0.2759,0.2769,0.2755,0.2762,445362.4
2026-05-12 16:00:00,0.2763,0.2781,0.2756,0.277,333907.3
2026-05-12 16:05:00,0.2772,0.2773,0.2757,0.2764,168360.1
2026-05-12 16:10:00,0.2764,0.2765,0.2757,0.2764,160501.2
2026-05-12 16:15:00,0.2764,0.277,0.276,0.2761,149385.6
2026-05-12 16:20:00,0.2761,0.2768,0.2751,0.2761,352780.4
2026-05-12 16:25:00,0.2762,0.2771,0.2751,0.2762,251815.5
2026-05-12 16:30:00,0.2763,0.2766,0.2753,0.2765,249427.3
2026-05-12 16:35:00,0.2766,0.2771,0.2753,0.2755,168558.6
2026-05-12 16:40:00,0.2755,0.2756,0.2739,0.2742,129162.0
2026-05-12 16:45:00,0.2743,0.2743,0.27,0.2724,662935.1
2026-05-12 16:50:00,0.2725,0.2735,0.2717,0.2725,209316.3
2026-05-12 16:55:00,0.2726,0.273,0.2714,0.2714,81328.2
2026-05-12 17:00:00,0.2714,0.273,0.2714,0.2726,100166.7
2026-05-12 17:05:00,0.2727,0.273,0.2718,0.2718,34821.0
2026-05-12 17:10:00,0.2718,0.2728,0.2715,0.2728,93392.2
2026-05-12 17:15:00,0.2728,0.2744,0.2727,0.2737,99671.5
2026-05-12 17:20:00,0.2738,0.2746,0.2734,0.274,63470.0
2026-05-12 17:25:00,0.2739,0.2742,0.2735,0.2737,50939.0
2026-05-12 17:30:00,0.2738,0.2759,0.2738,0.2759,86939.0
2026-05-12 17:35:00,0.2758,0.2761,0.275,0.2755,72031.4
2026-05-12 17:40:00,0.2754,0.2755,0.2745,0.2748,72346.0
2026-05-12 17:45:00,0.2749,0.2752,0.2744,0.2744,77409.3
2026-05-12 17:50:00,0.2743,0.2753,0.2741,0.2749,27933.1
2026-05-12 17:55:00,0.275,0.2763,0.275,0.2759,317441.9
2026-05-12 18:00:00,0.2759,0.2768,0.2756,0.2767,93719.6
2026-05-12 18:05:00,0.2766,0.2773,0.2764,0.2772,191674.0
2026-05-12 18:10:00,0.2772,0.2774,0.2758,0.2768,131194.6
2026-05-12 18:15:00,0.2768,0.2773,0.2766,0.2766,61719.6
2026-05-12 18:20:00,0.2766,0.2775,0.2762,0.2775,89633.0
2026-05-12 18:25:00,0.2775,0.2779,0.2764,0.2768,125091.7
2026-05-12 18:30:00,0.2767,0.2771,0.2765,0.2771,81360.4
2026-05-12 18:35:00,0.2771,0.2784,0.2768,0.2778,222730.5
2026-05-12 18:40:00,0.2778,0.2788,0.2774,0.2787,136230.4
2026-05-12 18:45:00,0.2787,0.279,0.2773,0.2775,130313.9
2026-05-12 18:50:00,0.2775,0.278,0.2773,0.2778,69618.3
2026-05-12 18:55:00,0.2777,0.2785,0.2772,0.2772,68591.9
2026-05-12 19:00:00,0.2772,0.2782,0.2771,0.2778,98016.0
2026-05-12 19:05:00,0.2779,0.2791,0.2776,0.2789,178588.3
2026-05-12 19:10:00,0.2791,0.2802,0.2781,0.2785,262240.2
2026-05-12 19:15:00,0.2784,0.2793,0.2784,0.2789,64766.7
2026-05-12 19:20:00,0.2789,0.279,0.2778,0.2786,75902.5
2026-05-12 19:25:00,0.2785,0.2787,0.2779,0.278,85850.4
2026-05-12 19:30:00,0.2781,0.2798,0.2779,0.2798,121047.8
2026-05-12 19:35:00,0.2799,0.2804,0.2794,0.2796,143006.0
2026-05-12 19:40:00,0.2795,0.2799,0.279,0.2791,79757.1
2026-05-12 19:45:00,0.279,0.2802,0.2789,0.2798,71949.9
2026-05-12 19:50:00,0.2798,0.281,0.2796,0.28,109936.2
2026-05-12 19:55:00,0.28,0.2808,0.2799,0.2799,45543.2
2026-05-12 20:00:00,0.28,0.2814,0.2795,0.2814,82330.8
2026-05-12 20:05:00,0.2814,0.2814,0.2803,0.2803,89902.6
2026-05-12 20:10:00,0.2803,0.2804,0.2795,0.2801,64305.6
2026-05-12 20:15:00,0.2801,0.2809,0.2798,0.2805,29934.7
2026-05-12 20:20:00,0.2805,0.2805,0.2794,0.2795,85893.7
2026-05-12 20:25:00,0.2796,0.2799,0.2791,0.2798,66970.0
2026-05-12 20:30:00,0.2798,0.2806,0.2789,0.2793,106499.8
2026-05-12 20:35:00,0.2792,0.2794,0.2778,0.278,77018.1
2026-05-12 20:40:00,0.2779,0.2782,0.2776,0.2782,58161.6
2026-05-12 20:45:00,0.2783,0.2786,0.2779,0.2785,44353.6
2026-05-12 20:50:00,0.2786,0.2799,0.2782,0.2797,66006.5
2026-05-12 20:55:00,0.2798,0.2804,0.2795,0.2804,61328.8
2026-05-12 21:00:00,0.2803,0.2819,0.2803,0.2811,130063.4
2026-05-12 21:05:00,0.2811,0.2812,0.2805,0.2807,61400.8
2026-05-12 21:10:00,0.2807,0.2809,0.2803,0.2807,36480.6
2026-05-12 21:15:00,0.2807,0.2815,0.2805,0.2809,24095.3
2026-05-12 21:20:00,0.281,0.2824,0.2809,0.2823,21917.1
2026-05-12 21:25:00,0.2824,0.2831,0.2822,0.2824,68984.7
2026-05-12 21:30:00,0.2825,0.283,0.2819,0.282,26497.4
2026-05-12 21:35:00,0.2821,0.2826,0.2817,0.2819,31871.8
2026-05-12 21:40:00,0.2819,0.2821,0.2814,0.2815,42017.9
2026-05-12 21:45:00,0.2815,0.2815,0.2793,0.2793,68155.2
2026-05-12 21:50:00,0.2792,0.2792,0.2782,0.279,52252.5
2026-05-12 21:55:00,0.2791,0.2799,0.279,0.2791,23817.3
2026-05-12 22:00:00,0.2792,0.2803,0.2792,0.2795,33981.5
2026-05-12 22:05:00,0.2795,0.2798,0.2776,0.2777,408490.3
2026-05-12 22:10:00,0.2777,0.2782,0.2774,0.2782,81139.9
2026-05-12 22:15:00,0.2783,0.2794,0.2783,0.2794,9578.4
2026-05-12 22:20:00,0.2794,0.2796,0.279,0.2794,20674.4
2026-05-12 22:25:00,0.2794,0.2797,0.279,0.279,28798.1
2026-05-12 22:30:00,0.279,0.2792,0.2784,0.2786,49737.0
2026-05-12 22:35:00,0.2785,0.2785,0.2776,0.2781,104075.2
2026-05-12 22:40:00,0.2782,0.2784,0.2775,0.2776,78672.5
2026-05-12 22:45:00,0.2776,0.2776,0.2766,0.277,157705.2
2026-05-12 22:50:00,0.2771,0.2776,0.2768,0.2776,16752.1
2026-05-12 22:55:00,0.2774,0.2779,0.2774,0.2775,8272.9
2026-05-12 23:00:00,0.2776,0.2778,0.2768,0.2768,60350.6
2026-05-12 23:05:00,0.2767,0.2767,0.2763,0.2763,35298.4
2026-05-12 23:10:00,0.2763,0.2773,0.2761,0.2769,24258.1
2026-05-12 23:15:00,0.277,0.2774,0.277,0.2774,13248.8
2026-05-12 23:20:00,0.2774,0.279,0.2774,0.2782,129001.9
2026-05-12 23:25:00,0.2782,0.2785,0.278,0.2781,32384.6
2026-05-12 23:30:00,0.2781,0.2782,0.2774,0.2776,49917.2
2026-05-12 23:35:00,0.2775,0.2776,0.2767,0.2769,20126.9
2026-05-12 23:40:00,0.2769,0.2774,0.2766,0.2772,33435.3
2026-05-12 23:45:00,0.2771,0.2776,0.2771,0.2774,69413.5
2026-05-12 23:50:00,0.2775,0.2775,0.2766,0.2767,38014.3
2026-05-12 23:55:00,0.2767,0.2768,0.2763,0.2763,35181.8
2026-05-13 00:00:00,0.2762,0.2768,0.2757,0.2768,96140.2
2026-05-13 00:05:00,0.2769,0.278,0.2769,0.2774,85109.0
2026-05-13 00:10:00,0.2774,0.2785,0.2774,0.2783,70180.4
2026-05-13 00:15:00,0.2784,0.2807,0.2784,0.2804,39552.7
2026-05-13 00:20:00,0.2804,0.2809,0.2794,0.2808,205582.0
2026-05-13 00:25:00,0.2807,0.2816,0.2805,0.2806,161925.4
2026-05-13 00:30:00,0.2806,0.2816,0.2806,0.2815,126692.8
2026-05-13 00:35:00,0.2817,0.2829,0.2817,0.2822,213752.4
2026-05-13 00:40:00,0.2822,0.2828,0.2813,0.2813,154799.4
2026-05-13 00:45:00,0.2814,0.2817,0.2807,0.2811,58932.7
2026-05-13 00:50:00,0.2811,0.2811,0.2798,0.2799,47767.1
2026-05-13 00:55:00,0.2798,0.2812,0.2795,0.2799,108917.0
2026-05-13 01:00:00,0.28,0.2817,0.28,0.2816,133880.4
2026-05-13 01:05:00,0.2815,0.282,0.2809,0.2818,54457.0
2026-05-13 01:10:00,0.2818,0.2829,0.2816,0.2826,168570.6
2026-05-13 01:15:00,0.2826,0.2832,0.2822,0.2831,71875.8
2026-05-13 01:20:00,0.2832,0.2849,0.2829,0.2834,168131.2
2026-05-13 01:25:00,0.2833,0.2844,0.2829,0.2843,180165.6
2026-05-13 01:30:00,0.2843,0.2853,0.2841,0.2848,235547.9
2026-05-13 01:35:00,0.2849,0.2879,0.2847,0.2879,222850.9
2026-05-13 01:40:00,0.2879,0.2889,0.2871,0.2877,285166.1
2026-05-13 01:45:00,0.2879,0.2884,0.2867,0.2881,236765.5
2026-05-13 01:50:00,0.2882,0.2883,0.2853,0.2853,269844.6
2026-05-13 01:55:00,0.2853,0.2858,0.2844,0.2852,194736.8
2026-05-13 02:00:00,0.2852,0.286,0.2841,0.2853,184754.3
2026-05-13 02:05:00,0.2852,0.2861,0.2848,0.2861,250925.7
2026-05-13 02:10:00,0.286,0.2871,0.2857,0.2866,244950.9
2026-05-13 02:15:00,0.2866,0.2871,0.2855,0.286,144904.5
2026-05-13 02:20:00,0.2861,0.2887,0.2861,0.288,164415.0
2026-05-13 02:25:00,0.2879,0.2879,0.2855,0.2856,168818.4
2026-05-13 02:30:00,0.2855,0.2863,0.2844,0.2857,236123.6
2026-05-13 02:35:00,0.2858,0.2861,0.2853,0.2854,140795.2
2026-05-13 02:40:00,0.2853,0.2861,0.2849,0.286,118667.6
2026-05-13 02:45:00,0.2861,0.287,0.2855,0.2866,262605.9
2026-05-13 02:50:00,0.2866,0.2869,0.2853,0.2853,457494.9
2026-05-13 02:55:00,0.2853,0.2861,0.2852,0.2857,87537.1
2026-05-13 03:00:00,0.2857,0.2865,0.2852,0.2855,137547.8
2026-05-13 03:05:00,0.2855,0.2858,0.2841,0.2842,126423.4
2026-05-13 03:10:00,0.2843,0.2848,0.2836,0.2837,45584.9
2026-05-13 03:15:00,0.2838,0.2846,0.2835,0.2836,88973.5
2026-05-13 03:20:00,0.2837,0.285,0.2837,0.2848,31488.5
2026-05-13 03:25:00,0.2848,0.2856,0.2845,0.2845,94200.6
2026-05-13 03:30:00,0.2844,0.2857,0.2844,0.2851,141212.2
2026-05-13 03:35:00,0.285,0.2866,0.2849,0.2862,150197.2
2026-05-13 03:40:00,0.2863,0.2874,0.2859,0.286,166567.5
2026-05-13 03:45:00,0.2859,0.2859,0.2851,0.2855,148132.9
2026-05-13 03:50:00,0.2855,0.2861,0.285,0.2861,64619.1
2026-05-13 03:55:00,0.2862,0.2864,0.2858,0.2858,97727.4
2026-05-13 04:00:00,0.2858,0.2864,0.2853,0.2856,66122.1
2026-05-13 04:05:00,0.2855,0.2855,0.2843,0.2844,56741.9
2026-05-13 04:10:00,0.2842,0.285,0.2837,0.2848,88709.3
2026-05-13 04:15:00,0.2849,0.2851,0.2844,0.285,80740.1
2026-05-13 04:20:00,0.285,0.2859,0.285,0.2851,68420.9
2026-05-13 04:25:00,0.2851,0.2861,0.2837,0.285,266478.9
2026-05-13 04:30:00,0.2851,0.2859,0.2849,0.285,85525.8
2026-05-13 04:35:00,0.285,0.2858,0.285,0.2853,37171.2
2026-05-13 04:40:00,0.2852,0.2852,0.2847,0.2847,53726.4
2026-05-13 04:45:00,0.2846,0.2854,0.2844,0.2853,49668.3
2026-05-13 04:50:00,0.2852,0.2855,0.2846,0.2847,3560.0
2026-05-13 04:55:00,0.2846,0.2846,0.2828,0.283,54012.4
2026-05-13 05:00:00,0.2829,0.2833,0.2828,0.2832,68660.5
2026-05-13 05:05:00,0.2832,0.2832,0.2819,0.2822,52614.9
2026-05-13 05:10:00,0.2823,0.2832,0.2823,0.2832,45724.5
2026-05-13 05:15:00,0.2832,0.2832,0.2816,0.2819,85385.0
2026-05-13 05:20:00,0.2818,0.2832,0.2817,0.2831,154361.3
2026-05-13 05:25:00,0.2831,0.2832,0.2812,0.2817,275379.3
2026-05-13 05:30:00,0.2816,0.2822,0.2814,0.2814,62677.3
2026-05-13 05:35:00,0.2813,0.2817,0.2808,0.2808,70730.0
2026-05-13 05:40:00,0.2808,0.2808,0.2799,0.28,49419.2
2026-05-13 05:45:00,0.28,0.281,0.28,0.281,40207.7
2026-05-13 05:50:00,0.2811,0.2816,0.281,0.2813,35215.2
2026-05-13 05:55:00,0.2814,0.282,0.2812,0.2818,32692.9
2026-05-13 06:00:00,0.2818,0.2826,0.2814,0.2826,33842.4
2026-05-13 06:05:00,0.2827,0.2836,0.2827,0.2828,51807.7
2026-05-13 06:10:00,0.2827,0.2827,0.2818,0.2821,40340.9
2026-05-13 06:15:00,0.282,0.2836,0.282,0.283,245500.7
2026-05-13 06:20:00,0.283,0.283,0.2826,0.2827,63774.2
2026-05-13 06:25:00,0.2827,0.2828,0.2817,0.2827,224121.0
2026-05-13 06:30:00,0.2827,0.2827,0.282,0.2822,66567.2
2026-05-13 06:35:00,0.2823,0.2823,0.2817,0.2818,41660.7
2026-05-13 06:40:00,0.2818,0.2818,0.2808,0.2814,106601.0
2026-05-13 06:45:00,0.2812,0.2816,0.2812,0.2815,55914.8
2026-05-13 06:50:00,0.2814,0.2817,0.2809,0.2815,24170.2
2026-05-13 06:55:00,0.2815,0.2816,0.2812,0.2812,34966.0
2026-05-13 07:00:00,0.2811,0.2817,0.2809,0.2812,68539.8
2026-05-13 07:05:00,0.2812,0.2814,0.2807,0.2814,112540.8
2026-05-13 07:10:00,0.2813,0.2816,0.2812,0.2814,20887.1
2026-05-13 07:15:00,0.2814,0.2818,0.2811,0.2813,28772.5
2026-05-13 07:20:00,0.2812,0.2817,0.2812,0.2813,38627.3
2026-05-13 07:25:00,0.2814,0.2816,0.2812,0.2812,11998.8
2026-05-13 07:30:00,0.2811,0.2811,0.2797,0.28,101199.6
2026-05-13 07:35:00,0.28,0.2806,0.2798,0.28,146218.7
2026-05-13 07:40:00,0.2799,0.2813,0.2799,0.2812,75737.7
2026-05-13 07:45:00,0.2813,0.2819,0.2813,0.2813,55021.1
2026-05-13 07:50:00,0.2814,0.2815,0.2807,0.2808,53574.1
2026-05-13 07:55:00,0.2807,0.2818,0.28,0.2815,61321.9
2026-05-13 08:00:00,0.2817,0.282,0.2812,0.2818,60538.8
2026-05-13 08:05:00,0.2818,0.2821,0.2813,0.2813,28735.7
2026-05-13 08:10:00,0.2813,0.2819,0.2806,0.2807,47802.2
2026-05-13 08:15:00,0.2807,0.2816,0.2807,0.281,85157.2
2026-05-13 08:20:00,0.281,0.2812,0.2807,0.2807,9423.1
2026-05-13 08:25:00,0.2808,0.281,0.2802,0.2804,52719.3
2026-05-13 08:30:00,0.2802,0.2815,0.2796,0.2814,37412.1
2026-05-13 08:35:00,0.2816,0.2824,0.2816,0.2824,27826.1
2026-05-13 08:40:00,0.2825,0.2832,0.2825,0.2831,121056.7
2026-05-13 08:45:00,0.2832,0.2837,0.2829,0.283,89058.4
2026-05-13 08:50:00,0.283,0.2835,0.2829,0.2832,49958.4
2026-05-13 08:55:00,0.283,0.2834,0.2829,0.2829,27380.4
2026-05-13 09:00:00,0.2828,0.2838,0.2825,0.2838,83455.7
2026-05-13 09:05:00,0.2839,0.2841,0.2836,0.2839,72254.1
2026-05-13 09:10:00,0.2838,0.285,0.2837,0.285,46027.3
2026-05-13 09:15:00,0.2851,0.2864,0.2851,0.286,156063.3
2026-05-13 09:20:00,0.2861,0.2865,0.2854,0.2861,86981.7
2026-05-13 09:25:00,0.2862,0.2865,0.286,0.2861,85542.4
2026-05-13 09:30:00,0.2861,0.288,0.286,0.2876,152685.3
2026-05-13 09:35:00,0.2877,0.2884,0.2868,0.2875,192498.9
2026-05-13 09:40:00,0.2875,0.2876,0.2865,0.2874,69222.4
2026-05-13 09:45:00,0.2873,0.2887,0.287,0.2878,182542.4
2026-05-13 09:50:00,0.2877,0.2879,0.2871,0.2874,98218.7
2026-05-13 09:55:00,0.2873,0.2879,0.287,0.2878,96781.6
2026-05-13 10:00:00,0.2878,0.2879,0.2866,0.2872,116466.7
2026-05-13 10:05:00,0.2872,0.288,0.2864,0.2868,218408.1
2026-05-13 10:10:00,0.2868,0.287,0.2858,0.2861,178557.3
2026-05-13 10:15:00,0.2862,0.2871,0.2862,0.2871,35852.5
2026-05-13 10:20:00,0.2871,0.2876,0.2865,0.2869,51161.9
2026-05-13 10:25:00,0.287,0.287,0.2859,0.2863,62422.3
2026-05-13 10:30:00,0.2864,0.2866,0.2852,0.2852,144619.1
2026-05-13 10:35:00,0.2851,0.2853,0.284,0.2845,218781.0
2026-05-13 10:40:00,0.2845,0.2845,0.2831,0.2833,214198.7
2026-05-13 10:45:00,0.2833,0.2835,0.2828,0.2828,35285.4
2026-05-13 10:50:00,0.2827,0.2831,0.2824,0.2828,52945.3
2026-05-13 10:55:00,0.2828,0.2832,0.2824,0.2827,33864.4
2026-05-13 11:00:00,0.2826,0.2841,0.2826,0.2834,152374.9
2026-05-13 11:05:00,0.2833,0.2834,0.2819,0.2821,52061.1
2026-05-13 11:10:00,0.282,0.2821,0.2809,0.2819,61064.1
2026-05-13 11:15:00,0.2818,0.2825,0.2816,0.2817,33424.0
2026-05-13 11:20:00,0.2816,0.2823,0.2816,0.282,19107.9
2026-05-13 11:25:00,0.282,0.282,0.2806,0.2806,38368.1
2026-05-13 11:30:00,0.2806,0.2813,0.2805,0.281,46450.7
2026-05-13 11:35:00,0.281,0.281,0.2801,0.2801,39146.4
2026-05-13 11:40:00,0.28,0.2802,0.2785,0.2797,137599.7
2026-05-13 11:45:00,0.2797,0.28,0.2784,0.2784,49490.8
2026-05-13 11:50:00,0.2783,0.2788,0.2771,0.2788,207989.4
2026-05-13 11:55:00,0.2787,0.2789,0.2779,0.2783,124468.3
2026-05-13 12:00:00,0.2782,0.2787,0.2778,0.2782,46724.4
2026-05-13 12:05:00,0.2781,0.2782,0.2777,0.2779,45190.5
2026-05-13 12:10:00,0.2778,0.2778,0.2761,0.2766,140060.4
2026-05-13 12:15:00,0.2766,0.2773,0.2764,0.2772,106829.4
2026-05-13 12:20:00,0.2771,0.2771,0.2742,0.276,164037.7
2026-05-13 12:25:00,0.276,0.2766,0.2758,0.2758,122836.9
2026-05-13 12:30:00,0.2758,0.2758,0.2726,0.2739,230651.3
2026-05-13 12:35:00,0.2738,0.2747,0.2721,0.2729,218335.2
2026-05-13 12:40:00,0.2728,0.2735,0.2717,0.2729,187206.2
2026-05-13 12:45:00,0.2731,0.2734,0.2727,0.2728,63003.7
2026-05-13 12:50:00,0.2728,0.2735,0.2726,0.2726,128215.1
2026-05-13 12:55:00,0.2726,0.2729,0.2716,0.2722,60077.8
2026-05-13 13:00:00,0.2724,0.2737,0.2724,0.2737,38653.7
2026-05-13 13:05:00,0.2738,0.2739,0.2735,0.2735,35122.3
2026-05-13 13:10:00,0.2735,0.2735,0.2726,0.2731,118122.6
2026-05-13 13:15:00,0.2732,0.2737,0.2731,0.2731,42419.5
2026-05-13 13:20:00,0.273,0.273,0.2726,0.2729,12658.7
2026-05-13 13:25:00,0.2728,0.2728,0.272,0.272,78514.6
2026-05-13 13:30:00,0.2719,0.2727,0.2713,0.2714,119989.4
2026-05-13 13:35:00,0.2714,0.2717,0.2706,0.2712,74934.4
2026-05-13 13:40:00,0.2713,0.2718,0.2706,0.2713,100366.5
2026-05-13 13:45:00,0.2712,0.2716,0.2676,0.2693,388741.4
2026-05-13 13:50:00,0.2693,0.2701,0.2688,0.2695,125958.8
2026-05-13 13:55:00,0.2696,0.2697,0.2679,0.269,69039.4
2026-05-13 14:00:00,0.2689,0.2698,0.2669,0.2691,429428.8
2026-05-13 14:05:00,0.2692,0.2702,0.2691,0.27,103867.1
2026-05-13 14:10:00,0.2699,0.2711,0.2696,0.2703,73431.5
2026-05-13 14:15:00,0.2702,0.2713,0.2701,0.2709,81679.4
2026-05-13 14:20:00,0.271,0.2734,0.2708,0.2725,201926.3
2026-05-13 14:25:00,0.2726,0.2759,0.2726,0.2746,402876.0
2026-05-13 14:30:00,0.2745,0.2752,0.274,0.2746,115377.1
2026-05-13 14:35:00,0.2745,0.2746,0.2731,0.2733,167927.2
2026-05-13 14:40:00,0.2732,0.2748,0.273,0.2738,175987.2
2026-05-13 14:45:00,0.2737,0.2739,0.2731,0.2731,42857.2
2026-05-13 14:50:00,0.2731,0.2745,0.2729,0.2736,55401.7
2026-05-13 14:55:00,0.2736,0.2736,0.2723,0.2725,148245.4
2026-05-13 15:00:00,0.2725,0.273,0.272,0.2721,128594.8
2026-05-13 15:05:00,0.272,0.272,0.2702,0.2711,80564.9
2026-05-13 15:10:00,0.2712,0.2714,0.27,0.2713,82786.6
2026-05-13 15:15:00,0.2713,0.2713,0.27,0.27,79192.2
2026-05-13 15:20:00,0.2699,0.2705,0.2695,0.2703,52239.1
2026-05-13 15:25:00,0.2702,0.2705,0.2692,0.2701,96334.6
2026-05-13 15:30:00,0.27,0.27,0.2689,0.2694,62235.2
2026-05-13 15:35:00,0.2694,0.2696,0.2686,0.2686,108031.2
2026-05-13 15:40:00,0.2687,0.2699,0.2687,0.2693,52199.1
2026-05-13 15:45:00,0.2694,0.2696,0.268,0.2685,271709.5
2026-05-13 15:50:00,0.2684,0.2691,0.2676,0.2682,179850.3
2026-05-13 15:55:00,0.2683,0.2683,0.2656,0.2663,278207.5
2026-05-13 16:00:00,0.2663,0.269,0.2661,0.2688,215348.4
2026-05-13 16:05:00,0.2689,0.2689,0.2674,0.2677,151206.3
2026-05-13 16:10:00,0.2678,0.2685,0.2673,0.2678,131760.0
2026-05-13 16:15:00,0.2679,0.2681,0.2675,0.2679,84071.6
2026-05-13 16:20:00,0.268,0.2695,0.2679,0.269,52297.5
2026-05-13 16:25:00,0.2691,0.2699,0.2689,0.2699,20781.8
2026-05-13 16:30:00,0.2699,0.2701,0.2687,0.2692,66272.1
2026-05-13 16:35:00,0.2691,0.2691,0.2682,0.2688,46512.3
2026-05-13 16:40:00,0.2687,0.2687,0.268,0.2681,29303.8
2026-05-13 16:45:00,0.2681,0.2682,0.2676,0.2677,44957.1
2026-05-13 16:50:00,0.2677,0.2677,0.2671,0.2677,99004.6
2026-05-13 16:55:00,0.2678,0.2681,0.2674,0.2674,97952.8
2026-05-13 17:00:00,0.2675,0.2689,0.2675,0.2683,63365.6
2026-05-13 17:05:00,0.2684,0.2685,0.2677,0.268,65050.3
2026-05-13 17:10:00,0.2681,0.2681,0.2674,0.2677,48891.2
2026-05-13 17:15:00,0.2678,0.2681,0.2671,0.2681,60846.8
2026-05-13 17:20:00,0.2681,0.2686,0.2681,0.2681,31269.6
2026-05-13 17:25:00,0.2681,0.2692,0.2681,0.2687,30498.6
2026-05-13 17:30:00,0.2688,0.2692,0.2679,0.2679,38482.6
2026-05-13 17:35:00,0.2679,0.2687,0.2679,0.2683,61616.7
2026-05-13 17:40:00,0.2683,0.2686,0.2678,0.2683,102215.7
2026-05-13 17:45:00,0.2681,0.2691,0.2678,0.2691,31214.8
2026-05-13 17:50:00,0.269,0.2705,0.269,0.27,58196.6
2026-05-13 17:55:00,0.27,0.2706,0.2698,0.2703,85647.4
2026-05-13 18:00:00,0.2703,0.2714,0.2703,0.2713,48419.3
2026-05-13 18:05:00,0.2712,0.272,0.2712,0.272,51912.3
2026-05-13 18:10:00,0.272,0.2724,0.2717,0.2717,23800.9
2026-05-13 18:15:00,0.2718,0.272,0.2708,0.2716,53669.9
2026-05-13 18:20:00,0.2717,0.2721,0.2716,0.2719,44088.4
2026-05-13 18:25:00,0.272,0.273,0.2719,0.273,105319.1
2026-05-13 18:30:00,0.2729,0.2733,0.2726,0.2728,26810.0
2026-05-13 18:35:00,0.2729,0.2741,0.2726,0.2741,140150.6
2026-05-13 18:40:00,0.274,0.2747,0.2735,0.2738,222399.2
2026-05-13 18:45:00,0.2737,0.2741,0.2712,0.2714,276301.6
2026-05-13 18:50:00,0.2714,0.2715,0.2707,0.2707,107378.5
2026-05-13 18:55:00,0.2707,0.2716,0.2706,0.2714,97259.6
2026-05-13 19:00:00,0.2714,0.2718,0.271,0.2711,32478.8
2026-05-13 19:05:00,0.271,0.271,0.2696,0.2702,67284.2
2026-05-13 19:10:00,0.2701,0.2706,0.2699,0.2699,56182.3
2026-05-13 19:15:00,0.2699,0.2702,0.2696,0.27,27139.2
2026-05-13 19:20:00,0.27,0.2702,0.2697,0.2699,20514.5
2026-05-13 19:25:00,0.2699,0.2705,0.2697,0.2702,87628.7
2026-05-13 19:30:00,0.2703,0.2709,0.2702,0.2708,68645.1
2026-05-13 19:35:00,0.2707,0.2721,0.2706,0.2712,51223.5
2026-05-13 19:40:00,0.2711,0.2711,0.2704,0.2704,50230.6
2026-05-13 19:45:00,0.2704,0.2709,0.27,0.2701,39148.5
2026-05-13 19:50:00,0.2701,0.2703,0.2697,0.2703,36829.1
2026-05-13 19:55:00,0.2701,0.2703,0.2699,0.27,21937.3
2026-05-13 20:00:00,0.2701,0.2706,0.2699,0.2699,38417.0
2026-05-13 20:05:00,0.2699,0.2702,0.2691,0.27,73754.6
2026-05-13 20:10:00,0.27,0.2706,0.27,0.2702,25790.0
2026-05-13 20:15:00,0.2701,0.2708,0.27,0.2708,16362.1
2026-05-13 20:20:00,0.2708,0.2708,0.2702,0.2704,8806.2
2026-05-13 20:25:00,0.2704,0.2704,0.2695,0.2695,28065.9
2026-05-13 20:30:00,0.2696,0.2704,0.2696,0.2703,62653.3
2026-05-13 20:35:00,0.2704,0.2705,0.27,0.2702,21831.4
2026-05-13 20:40:00,0.2703,0.2703,0.2696,0.2697,18072.4
2026-05-13 20:45:00,0.2698,0.2699,0.2684,0.2686,96652.8
2026-05-13 20:50:00,0.2686,0.2686,0.2675,0.2679,198426.1
2026-05-13 20:55:00,0.2679,0.2679,0.2668,0.2674,186222.3
2026-05-13 21:00:00,0.2674,0.2674,0.2658,0.2665,107230.1
2026-05-13 21:05:00,0.2666,0.2667,0.2648,0.265,83208.0
2026-05-13 21:10:00,0.265,0.2651,0.264,0.2651,127136.2
2026-05-13 21:15:00,0.265,0.2651,0.2644,0.2644,100859.0
2026-05-13 21:20:00,0.2644,0.265,0.2643,0.2645,76546.0
2026-05-13 21:25:00,0.2644,0.2651,0.2644,0.2649,17223.4
2026-05-13 21:30:00,0.2649,0.2651,0.2646,0.2647,10289.1
2026-05-13 21:35:00,0.2647,0.2654,0.2646,0.2654,30449.0
2026-05-13 21:40:00,0.2655,0.2657,0.265,0.2654,16623.7
2026-05-13 21:45:00,0.2652,0.2652,0.2647,0.2652,19747.3
2026-05-13 21:50:00,0.2652,0.2653,0.265,0.265,8763.4
2026-05-13 21:55:00,0.2649,0.2649,0.2639,0.2641,77801.5
2026-05-13 22:00:00,0.2641,0.2647,0.2636,0.2637,44882.9
2026-05-13 22:05:00,0.2638,0.2639,0.2626,0.2634,469849.9
2026-05-13 22:10:00,0.2635,0.2646,0.2635,0.2644,138247.3
2026-05-13 22:15:00,0.2644,0.2644,0.2642,0.2643,6604.4
2026-05-13 22:20:00,0.2642,0.2648,0.264,0.2648,29443.6
2026-05-13 22:25:00,0.2648,0.2652,0.2647,0.2648,33976.9
2026-05-13 22:30:00,0.2649,0.2652,0.2645,0.2647,18295.9
2026-05-13 22:35:00,0.2647,0.2651,0.2647,0.2651,8461.5
2026-05-13 22:40:00,0.2652,0.2657,0.2652,0.2655,28454.7
2026-05-13 22:45:00,0.2654,0.2656,0.2652,0.2653,15196.3
2026-05-13 22:50:00,0.2654,0.2657,0.2654,0.2654,2943.4
2026-05-13 22:55:00,0.2653,0.2655,0.2652,0.2655,5876.0
2026-05-13 23:00:00,0.2656,0.2658,0.2652,0.2652,10018.7
2026-05-13 23:05:00,0.2653,0.2663,0.2653,0.2663,17292.0
2026-05-13 23:10:00,0.2663,0.2664,0.2661,0.2663,11923.1
2026-05-13 23:15:00,0.2662,0.2663,0.266,0.266,2483.8
2026-05-13 23:20:00,0.2659,0.2659,0.2656,0.2656,19791.7
2026-05-13 23:25:00,0.2657,0.2661,0.2653,0.2659,38395.4
2026-05-13 23:30:00,0.2659,0.266,0.2656,0.2657,12288.0
2026-05-13 23:35:00,0.2658,0.2663,0.2657,0.2662,8341.5
2026-05-13 23:40:00,0.2662,0.2667,0.2662,0.2667,14911.7
2026-05-13 23:45:00,0.2667,0.2669,0.2664,0.2664,9632.2
2026-05-13 23:50:00,0.2664,0.2672,0.2664,0.2671,19112.3
2026-05-13 23:55:00,0.2672,0.2673,0.2664,0.2664,46912.8
2026-05-14 00:00:00,0.2664,0.2667,0.2655,0.2659,50502.4
2026-05-14 00:05:00,0.2658,0.267,0.2654,0.267,55350.9
2026-05-14 00:10:00,0.267,0.267,0.2664,0.2664,21827.6
2026-05-14 00:15:00,0.2663,0.2667,0.266,0.2663,101410.0
2026-05-14 00:20:00,0.2662,0.2663,0.2652,0.2656,119616.6
2026-05-14 00:25:00,0.2657,0.2662,0.2656,0.266,17456.6
2026-05-14 00:30:00,0.2661,0.2669,0.2661,0.2668,13961.8
2026-05-14 00:35:00,0.2668,0.2672,0.2668,0.2671,21034.5
2026-05-14 00:40:00,0.2672,0.2674,0.2669,0.2669,63075.0
2026-05-14 00:45:00,0.2671,0.2682,0.2671,0.2682,54745.2
2026-05-14 00:50:00,0.2683,0.2683,0.2672,0.2676,12099.2
2026-05-14 00:55:00,0.2677,0.2682,0.2676,0.268,30874.8
2026-05-14 01:00:00,0.268,0.2685,0.2675,0.268,38375.0
2026-05-14 01:05:00,0.2682,0.2685,0.2679,0.268,29879.1
2026-05-14 01:10:00,0.2681,0.2686,0.2675,0.2675,35396.5
2026-05-14 01:15:00,0.2675,0.268,0.2672,0.2679,20813.3
2026-05-14 01:20:00,0.268,0.2684,0.2679,0.2682,13572.7
2026-05-14 01:25:00,0.2681,0.2681,0.2678,0.2681,20214.0
2026-05-14 01:30:00,0.2681,0.2687,0.2681,0.2687,31844.4
2026-05-14 01:35:00,0.2686,0.2697,0.2684,0.2694,99833.9
2026-05-14 01:40:00,0.2694,0.27,0.2689,0.269,42485.7
2026-05-14 01:45:00,0.269,0.2696,0.2686,0.2695,10078.4
2026-05-14 01:50:00,0.2696,0.2701,0.2691,0.2692,66861.9
2026-05-14 01:55:00,0.2692,0.2697,0.2692,0.2697,23870.1
2026-05-14 02:00:00,0.2697,0.2704,0.2696,0.2699,36734.2
2026-05-14 02:05:00,0.2699,0.2703,0.2699,0.27,6573.9
2026-05-14 02:10:00,0.2701,0.2708,0.2701,0.2703,46140.5
2026-05-14 02:15:00,0.2702,0.2702,0.2687,0.269,29082.9
2026-05-14 02:20:00,0.2692,0.2697,0.2684,0.2685,68228.3
2026-05-14 02:25:00,0.2683,0.2684,0.2678,0.2684,26696.0
2026-05-14 02:30:00,0.2684,0.2691,0.2684,0.2691,26816.9
2026-05-14 02:35:00,0.269,0.269,0.2678,0.268,20234.9
2026-05-14 02:40:00,0.268,0.2683,0.2678,0.2682,14935.9
2026-05-14 02:45:00,0.2683,0.2684,0.266,0.266,149315.5
2026-05-14 02:50:00,0.266,0.2668,0.2657,0.2668,67414.8
2026-05-14 02:55:00,0.2668,0.2669,0.2654,0.2657,52062.9
2026-05-14 03:00:00,0.2658,0.2671,0.2656,0.2664,34650.1
2026-05-14 03:05:00,0.2664,0.2664,0.2649,0.2657,25407.7
2026-05-14 03:10:00,0.2658,0.2664,0.2657,0.2661,23866.1
2026-05-14 03:15:00,0.2662,0.2665,0.2655,0.2655,16158.6
2026-05-14 03:20:00,0.2654,0.2654,0.264,0.265,57302.3
2026-05-14 03:25:00,0.2651,0.2666,0.2651,0.266,38416.0
2026-05-14 03:30:00,0.2659,0.266,0.2655,0.2657,21631.7
2026-05-14 03:35:00,0.2657,0.266,0.2645,0.2646,17804.5
2026-05-14 03:40:00,0.2645,0.2652,0.2644,0.2648,23750.0
2026-05-14 03:45:00,0.2648,0.2648,0.263,0.2632,31561.5
2026-05-14 03:50:00,0.2633,0.2638,0.2631,0.2638,35097.0
2026-05-14 03:55:00,0.2638,0.2638,0.263,0.2635,17117.4
2026-05-14 04:00:00,0.2635,0.2637,0.2629,0.2632,33713.6
2026-05-14 04:05:00,0.2633,0.2649,0.2633,0.2646,22048.2
2026-05-14 04:10:00,0.2645,0.2647,0.2644,0.2644,8363.1
2026-05-14 04:15:00,0.2645,0.2654,0.2643,0.2651,15974.7
2026-05-14 04:20:00,0.2651,0.2651,0.2647,0.2649,7256.4
2026-05-14 04:25:00,0.265,0.2654,0.265,0.2651,27564.8
2026-05-14 04:30:00,0.2652,0.2656,0.2649,0.2653,27443.2
2026-05-14 04:35:00,0.2654,0.2657,0.2652,0.2656,10422.0
2026-05-14 04:40:00,0.2656,0.2656,0.2653,0.2655,5191.8
2026-05-14 04:45:00,0.2655,0.2669,0.2653,0.2668,37091.7
2026-05-14 04:50:00,0.2667,0.2673,0.2665,0.2673,25910.4
2026-05-14 04:55:00,0.2674,0.2675,0.2671,0.2673,10361.2
2026-05-14 05:00:00,0.2674,0.2678,0.2671,0.2677,8857.5
2026-05-14 05:05:00,0.2676,0.2677,0.2672,0.2672,13451.3
2026-05-14 05:10:00,0.2673,0.2674,0.267,0.267,10337.0
2026-05-14 05:15:00,0.267,0.2672,0.266,0.2662,41091.5
2026-05-14 05:20:00,0.2663,0.267,0.2663,0.2669,12345.6
2026-05-14 05:25:00,0.2668,0.2682,0.2668,0.2681,128939.4
2026-05-14 05:30:00,0.2682,0.2696,0.2682,0.2685,255853.2
2026-05-14 05:35:00,0.2685,0.2686,0.2678,0.2678,30770.4
2026-05-14 05:40:00,0.2678,0.268,0.2676,0.2678,22209.6
2026-05-14 05:45:00,0.2679,0.2684,0.2678,0.2682,25023.4
2026-05-14 05:50:00,0.2684,0.2693,0.2684,0.2686,14748.2
2026-05-14 05:55:00,0.2685,0.2687,0.2683,0.2686,7771.7
2026-05-14 06:00:00,0.2685,0.2689,0.2684,0.2687,16083.0
2026-05-14 06:05:00,0.2686,0.2692,0.2684,0.2685,62407.7
2026-05-14 06:10:00,0.2684,0.269,0.2682,0.2688,46604.0
2026-05-14 06:15:00,0.2688,0.2692,0.2687,0.2687,28279.2
2026-05-14 06:20:00,0.2688,0.2688,0.2683,0.2683,5621.2
2026-05-14 06:25:00,0.2683,0.2687,0.2683,0.2683,44979.1
2026-05-14 06:30:00,0.2683,0.2684,0.2674,0.2674,22417.2
2026-05-14 06:35:00,0.2675,0.2678,0.2674,0.2677,8639.9
2026-05-14 06:40:00,0.2677,0.268,0.2677,0.2678,4122.1
2026-05-14 06:45:00,0.2678,0.2686,0.2678,0.2683,10505.0
2026-05-14 06:50:00,0.2683,0.2685,0.268,0.2682,22632.2
2026-05-14 06:55:00,0.2682,0.2682,0.2675,0.2675,1649.6
2026-05-14 07:00:00,0.2674,0.2678,0.2669,0.2669,39819.9
2026-05-14 07:05:00,0.2668,0.2668,0.2662,0.2664,18069.9
2026-05-14 07:10:00,0.2663,0.2664,0.266,0.2663,4703.0
2026-05-14 07:15:00,0.2662,0.2667,0.2662,0.2664,6861.0
2026-05-14 07:20:00,0.2664,0.2669,0.2664,0.2666,6447.5
2026-05-14 07:25:00,0.2667,0.2668,0.2664,0.2664,11305.0
2026-05-14 07:30:00,0.2664,0.267,0.2664,0.2669,18256.1
2026-05-14 07:35:00,0.2669,0.2673,0.2668,0.2673,18423.8
2026-05-14 07:40:00,0.2673,0.2673,0.2665,0.2665,17912.7
2026-05-14 07:45:00,0.2665,0.2665,0.2661,0.2664,13570.9
2026-05-14 07:50:00,0.2663,0.2666,0.2662,0.2664,9765.3
2026-05-14 07:55:00,0.2663,0.2665,0.2655,0.2655,13914.4
2026-05-14 08:00:00,0.2655,0.2668,0.265,0.2651,147229.8
2026-05-14 08:05:00,0.265,0.2667,0.265,0.2666,16345.2
2026-05-14 08:10:00,0.2666,0.267,0.2665,0.2665,6091.0
2026-05-14 08:15:00,0.2666,0.267,0.2664,0.2665,16714.7
2026-05-14 08:20:00,0.2664,0.2664,0.2657,0.2657,19264.6
2026-05-14 08:25:00,0.2658,0.2663,0.2656,0.266,4633.9
2026-05-14 08:30:00,0.266,0.2668,0.266,0.2668,4630.6
2026-05-14 08:35:00,0.2669,0.2679,0.2669,0.2679,21564.0
2026-05-14 08:40:00,0.268,0.2681,0.2678,0.2679,18646.0
2026-05-14 08:45:00,0.2679,0.2681,0.2673,0.2673,44759.6
2026-05-14 08:50:00,0.2674,0.268,0.2674,0.2678,5885.4
2026-05-14 08:55:00,0.2678,0.2678,0.2673,0.2674,4027.1
2026-05-14 09:00:00,0.2674,0.2676,0.2669,0.2669,6718.2
2026-05-14 09:05:00,0.2668,0.2673,0.2668,0.2673,11589.8
2026-05-14 09:10:00,0.2673,0.2676,0.2666,0.2666,35956.9
2026-05-14 09:15:00,0.2667,0.267,0.2667,0.2668,1637.9
2026-05-14 09:20:00,0.2669,0.2671,0.2669,0.267,2019.8
2026-05-14 09:25:00,0.267,0.2671,0.2667,0.2669,6586.4
2026-05-14 09:30:00,0.2668,0.2668,0.2657,0.2658,11088.7
2026-05-14 09:35:00,0.266,0.2661,0.265,0.2653,39935.2
2026-05-14 09:40:00,0.2652,0.2659,0.2652,0.2655,2688.6
2026-05-14 09:45:00,0.2656,0.2657,0.2655,0.2656,5380.8
2026-05-14 09:50:00,0.2655,0.2655,0.265,0.2651,4803.2
2026-05-14 09:55:00,0.2652,0.2655,0.2648,0.2654,80447.4
2026-05-14 10:00:00,0.2653,0.2661,0.2652,0.2656,10936.5
2026-05-14 10:05:00,0.2657,0.2659,0.2654,0.2655,4251.6
2026-05-14 10:10:00,0.2655,0.2668,0.2655,0.266,26850.1
2026-05-14 10:15:00,0.2661,0.2665,0.2659,0.2663,5508.9
2026-05-14 10:20:00,0.2665,0.2665,0.2656,0.2657,4668.4
2026-05-14 10:25:00,0.2658,0.2661,0.2655,0.2656,5463.0
2026-05-14 10:30:00,0.2655,0.2656,0.2649,0.2656,12658.5
2026-05-14 10:35:00,0.2657,0.2658,0.2653,0.2655,8746.6
2026-05-14 10:40:00,0.2654,0.2654,0.2644,0.2647,21505.5
2026-05-14 10:45:00,0.2648,0.2652,0.2648,0.2652,7083.5
2026-05-14 10:50:00,0.2653,0.2666,0.2653,0.2665,24526.2
2026-05-14 10:55:00,0.2665,0.2667,0.2659,0.2661,23057.9
2026-05-14 11:00:00,0.2661,0.2661,0.2654,0.2656,13537.3
2026-05-14 11:05:00,0.2656,0.2661,0.2654,0.2661,7084.3
2026-05-14 11:10:00,0.266,0.266,0.2649,0.2649,8276.0
2026-05-14 11:15:00,0.2649,0.2658,0.2649,0.2654,17935.5
2026-05-14 11:20:00,0.2655,0.2657,0.2649,0.2649,1278.2
2026-05-14 11:25:00,0.2649,0.265,0.2643,0.2646,38522.7
2026-05-14 11:30:00,0.2646,0.2647,0.264,0.2641,15606.2
2026-05-14 11:35:00,0.2642,0.2645,0.2637,0.2639,100040.4
2026-05-14 11:40:00,0.264,0.2642,0.2638,0.2639,13082.4
2026-05-14 11:45:00,0.2639,0.2643,0.2638,0.2643,9266.8
2026-05-14 11:50:00,0.2641,0.2643,0.2637,0.2643,25937.5
2026-05-14 11:55:00,0.2643,0.2644,0.2637,0.2637,12130.5
2026-05-14 12:00:00,0.2636,0.2646,0.2635,0.2646,15995.9
2026-05-14 12:05:00,0.2646,0.2648,0.2646,0.2648,6296.1
2026-05-14 12:10:00,0.2649,0.2651,0.2645,0.2646,5579.5
2026-05-14 12:15:00,0.2646,0.2647,0.2637,0.2638,6249.0
2026-05-14 12:20:00,0.2639,0.264,0.2637,0.2639,9904.2
2026-05-14 12:25:00,0.2639,0.2651,0.2639,0.265,46152.5
2026-05-14 12:30:00,0.265,0.2681,0.2648,0.2668,173468.0
2026-05-14 12:35:00,0.2668,0.2674,0.2663,0.2666,74862.7
2026-05-14 12:40:00,0.2666,0.2667,0.266,0.2663,41847.6
2026-05-14 12:45:00,0.2662,0.2668,0.2658,0.2667,69297.2
2026-05-14 12:50:00,0.2667,0.2676,0.2667,0.2673,82181.2
2026-05-14 12:55:00,0.2673,0.268,0.2673,0.268,36554.0
2026-05-14 13:00:00,0.2681,0.2681,0.2673,0.268,32597.9
2026-05-14 13:05:00,0.2679,0.268,0.2675,0.268,22260.7
2026-05-14 13:10:00,0.2681,0.2682,0.2677,0.2682,6717.8
2026-05-14 13:15:00,0.2683,0.2688,0.2672,0.2673,46511.0
2026-05-14 13:20:00,0.2672,0.2685,0.2671,0.2682,31314.5
2026-05-14 13:25:00,0.268,0.2681,0.2674,0.2674,10846.0
2026-05-14 13:30:00,0.2675,0.2679,0.2671,0.2671,41773.3
2026-05-14 13:35:00,0.267,0.2672,0.2659,0.2668,46412.0
2026-05-14 13:40:00,0.2669,0.2677,0.2666,0.2676,30051.7
2026-05-14 13:45:00,0.2677,0.2689,0.2675,0.2687,39551.5
2026-05-14 13:50:00,0.2688,0.2689,0.2674,0.2676,69116.1
2026-05-14 13:55:00,0.2675,0.2676,0.266,0.2663,25860.0
2026-05-14 14:00:00,0.2661,0.2673,0.2661,0.2666,24504.3
2026-05-14 14:05:00,0.2667,0.2667,0.2649,0.2657,50491.0
2026-05-14 14:10:00,0.2658,0.2666,0.2656,0.2665,9782.5
2026-05-14 14:15:00,0.2664,0.2682,0.2664,0.2682,12271.4
2026-05-14 14:20:00,0.2683,0.2693,0.2683,0.2685,86340.5
2026-05-14 14:25:00,0.2685,0.2686,0.2679,0.2683,17782.6
2026-05-14 14:30:00,0.2683,0.2686,0.268,0.2681,34812.3
2026-05-14 14:35:00,0.2681,0.2696,0.2681,0.2696,14532.1
2026-05-14 14:40:00,0.2694,0.27,0.2693,0.27,92239.3
2026-05-14 14:45:00,0.27,0.2736,0.27,0.2728,162036.5
2026-05-14 14:50:00,0.2729,0.2732,0.2713,0.2727,161107.4
2026-05-14 14:55:00,0.2728,0.2735,0.2724,0.2734,86299.2
2026-05-14 15:00:00,0.2735,0.2753,0.2735,0.2746,395373.0
2026-05-14 15:05:00,0.2747,0.2755,0.2739,0.2747,180018.8
2026-05-14 15:10:00,0.2748,0.2757,0.2745,0.2755,84315.2
2026-05-14 15:15:00,0.2755,0.2762,0.275,0.2762,75616.2
2026-05-14 15:20:00,0.2763,0.2769,0.2757,0.2764,124183.2
2026-05-14 15:25:00,0.2763,0.2763,0.2753,0.2755,126844.8
2026-05-14 15:30:00,0.2756,0.2764,0.2749,0.2752,66656.7
2026-05-14 15:35:00,0.2752,0.2753,0.2732,0.2734,132375.2
2026-05-14 15:40:00,0.2735,0.2748,0.2735,0.2748,55400.4
2026-05-14 15:45:00,0.2749,0.2762,0.2747,0.2761,58212.3
2026-05-14 15:50:00,0.2762,0.2772,0.276,0.2771,115356.3
2026-05-14 15:55:00,0.2772,0.2779,0.2768,0.2775,120619.4
2026-05-14 16:00:00,0.2776,0.2779,0.276,0.2767,81429.6
2026-05-14 16:05:00,0.2765,0.2774,0.2764,0.2765,62295.4
2026-05-14 16:10:00,0.2766,0.2773,0.276,0.2767,219998.7
2026-05-14 16:15:00,0.2768,0.2774,0.2758,0.277,90028.2
2026-05-14 16:20:00,0.277,0.2795,0.2769,0.278,354598.6
2026-05-14 16:25:00,0.2781,0.2792,0.2776,0.2779,176161.4
2026-05-14 16:30:00,0.2779,0.2784,0.2768,0.2771,33026.3
2026-05-14 16:35:00,0.277,0.2782,0.277,0.278,50464.7
2026-05-14 16:40:00,0.2781,0.2784,0.2775,0.2777,47885.7
2026-05-14 16:45:00,0.2778,0.2783,0.2769,0.2772,55939.4
2026-05-14 16:50:00,0.2773,0.2775,0.2751,0.2757,81703.6
2026-05-14 16:55:00,0.2758,0.2785,0.2754,0.2783,49980.3
2026-05-14 17:00:00,0.2783,0.2783,0.2772,0.2776,48174.9
2026-05-14 17:05:00,0.2776,0.2781,0.2773,0.2777,37936.2
2026-05-14 17:10:00,0.2776,0.279,0.2775,0.2778,84101.2
2026-05-14 17:15:00,0.2778,0.278,0.2763,0.2772,261083.9
2026-05-14 17:20:00,0.2772,0.2782,0.2769,0.2777,162493.4
2026-05-14 17:25:00,0.2776,0.2776,0.2747,0.2751,247104.1
2026-05-14 17:30:00,0.2749,0.2757,0.2748,0.2757,37785.4
2026-05-14 17:35:00,0.2758,0.2766,0.2758,0.2759,58251.4
2026-05-14 17:40:00,0.2759,0.2762,0.2752,0.276,99584.9
2026-05-14 17:45:00,0.2761,0.2772,0.2761,0.2769,36110.8
2026-05-14 17:50:00,0.2769,0.277,0.2763,0.2764,90978.3
2026-05-14 17:55:00,0.2762,0.2763,0.2754,0.2754,30398.6
2026-05-14 18:00:00,0.2753,0.2755,0.2739,0.2744,91724.5
2026-05-14 18:05:00,0.2745,0.2756,0.2745,0.2755,8852.2
2026-05-14 18:10:00,0.2756,0.2774,0.2756,0.2774,55186.1
2026-05-14 18:15:00,0.2774,0.2791,0.2772,0.2789,114307.2
2026-05-14 18:20:00,0.2789,0.2802,0.2789,0.2802,158351.9
2026-05-14 18:25:00,0.2801,0.2807,0.2796,0.2807,45348.4
2026-05-14 18:30:00,0.2807,0.2809,0.2772,0.2773,171406.3
2026-05-14 18:35:00,0.2774,0.2783,0.2774,0.2781,18282.8
2026-05-14 18:40:00,0.278,0.2784,0.2774,0.278,16539.3
2026-05-14 18:45:00,0.2781,0.2799,0.2781,0.2794,83910.9
2026-05-14 18:50:00,0.2794,0.2798,0.2789,0.2795,30830.2
2026-05-14 18:55:00,0.2794,0.2807,0.2793,0.28,96677.0
2026-05-14 19:00:00,0.28,0.2806,0.2798,0.2799,26781.5
2026-05-14 19:05:00,0.28,0.281,0.28,0.2804,33307.3
2026-05-14 19:10:00,0.2804,0.2805,0.2791,0.2794,31160.5
2026-05-14 19:15:00,0.2794,0.2794,0.2784,0.2788,171169.0
2026-05-14 19:20:00,0.2787,0.279,0.2777,0.2778,12896.4
2026-05-14 19:25:00,0.2778,0.2784,0.2771,0.2773,35055.0
2026-05-14 19:30:00,0.2773,0.2784,0.277,0.2783,50105.0
2026-05-14 19:35:00,0.2784,0.2785,0.2777,0.278,44210.5
2026-05-14 19:40:00,0.2781,0.2785,0.2778,0.2785,46672.6
2026-05-14 19:45:00,0.2784,0.28,0.278,0.2792,249818.8
2026-05-14 19:50:00,0.2792,0.2798,0.279,0.2796,186025.2
2026-05-14 19:55:00,0.2795,0.2797,0.2791,0.2791,58007.9
2026-05-14 20:00:00,0.2793,0.2805,0.2792,0.2804,52259.9
2026-05-14 20:05:00,0.2802,0.2803,0.2788,0.2789,18558.0
2026-05-14 20:10:00,0.2789,0.2794,0.2778,0.2778,65986.2
2026-05-14 20:15:00,0.2777,0.279,0.2776,0.2785,32486.2
2026-05-14 20:20:00,0.2785,0.2787,0.2781,0.2787,35440.7
2026-05-14 20:25:00,0.2788,0.2788,0.2775,0.2777,59866.2
2026-05-14 20:30:00,0.2778,0.2785,0.2778,0.2784,19181.6
2026-05-14 20:35:00,0.2785,0.2791,0.2781,0.2783,21559.3
2026-05-14 20:40:00,0.2783,0.2783,0.2778,0.2783,30622.2
2026-05-14 20:45:00,0.2784,0.279,0.278,0.2784,53400.2
2026-05-14 20:50:00,0.2783,0.2793,0.2782,0.2788,26451.7
2026-05-14 20:55:00,0.2789,0.2797,0.2789,0.2797,3139.3
2026-05-14 21:00:00,0.2797,0.2801,0.279,0.2791,44433.3
2026-05-14 21:05:00,0.2792,0.2792,0.2789,0.279,8251.3
2026-05-14 21:10:00,0.279,0.279,0.2767,0.2768,90721.9
2026-05-14 21:15:00,0.2767,0.2774,0.2761,0.2762,69900.2
2026-05-14 21:20:00,0.2762,0.2773,0.2759,0.2771,49366.3
2026-05-14 21:25:00,0.2773,0.2777,0.277,0.2776,7517.9
2026-05-14 21:30:00,0.2778,0.2796,0.2778,0.2795,22329.3
2026-05-14 21:35:00,0.2794,0.2798,0.2794,0.2796,51846.2
2026-05-14 21:40:00,0.2793,0.2797,0.2787,0.2788,53786.4
2026-05-14 21:45:00,0.2787,0.28,0.2785,0.28,185398.8
2026-05-14 21:50:00,0.2799,0.2801,0.2795,0.2801,58242.7
2026-05-14 21:55:00,0.2801,0.2814,0.2801,0.2811,51016.4
2026-05-14 22:00:00,0.2811,0.2817,0.2804,0.2811,70174.8
2026-05-14 22:05:00,0.2812,0.2827,0.2812,0.2826,53883.4
2026-05-14 22:10:00,0.2827,0.2833,0.2823,0.2829,80576.1
2026-05-14 22:15:00,0.2828,0.2828,0.2824,0.2827,25194.8
2026-05-14 22:20:00,0.2827,0.2833,0.2827,0.2828,21936.5
2026-05-14 22:25:00,0.2828,0.2831,0.2822,0.2828,49517.9
2026-05-14 22:30:00,0.2829,0.283,0.2819,0.282,58744.8
2026-05-14 22:35:00,0.2819,0.282,0.2804,0.2812,102130.9
2026-05-14 22:40:00,0.2812,0.2816,0.281,0.2815,27324.4
2026-05-14 22:45:00,0.2814,0.2818,0.2813,0.2818,26771.2
2026-05-14 22:50:00,0.2818,0.2818,0.2802,0.2802,33945.9
2026-05-14 22:55:00,0.2802,0.2804,0.2796,0.2797,38364.2
2026-05-14 23:00:00,0.2797,0.28,0.279,0.279,42823.6
2026-05-14 23:05:00,0.2789,0.2793,0.2777,0.2784,41636.5
2026-05-14 23:10:00,0.2784,0.2785,0.2779,0.2783,62599.7
2026-05-14 23:15:00,0.2782,0.2794,0.2782,0.2788,40566.6
2026-05-14 23:20:00,0.2788,0.2792,0.2783,0.2792,30493.5
2026-05-14 23:25:00,0.2793,0.2801,0.2791,0.2798,36711.0
2026-05-14 23:30:00,0.2795,0.2795,0.2784,0.2787,28112.7
2026-05-14 23:35:00,0.2787,0.2793,0.278,0.2782,63173.0
2026-05-14 23:40:00,0.2781,0.2787,0.2772,0.2774,45775.4
2026-05-14 23:45:00,0.2772,0.2774,0.2761,0.2761,54055.0
2026-05-14 23:50:00,0.2763,0.2763,0.2757,0.2762,16057.0
2026-05-14 23:55:00,0.2763,0.2767,0.2759,0.2767,26459.0
2026-05-15 00:00:00,0.2767,0.2771,0.2764,0.277,45622.6
2026-05-15 00:05:00,0.277,0.2774,0.277,0.2773,9492.0
2026-05-15 00:10:00,0.2774,0.2782,0.2774,0.2782,18697.0
2026-05-15 00:15:00,0.2782,0.2784,0.2769,0.2779,39107.8
2026-05-15 00:20:00,0.2779,0.2779,0.2772,0.2774,13186.5
2026-05-15 00:25:00,0.2774,0.2774,0.2768,0.2769,5936.2
2026-05-15 00:30:00,0.277,0.278,0.2766,0.2772,53486.0
2026-05-15 00:35:00,0.2771,0.2772,0.2764,0.2766,18999.5
2026-05-15 00:40:00,0.2765,0.2765,0.2745,0.2755,118434.0
2026-05-15 00:45:00,0.2754,0.276,0.2751,0.276,17836.8
2026-05-15 00:50:00,0.2759,0.276,0.2753,0.2755,5318.3
2026-05-15 00:55:00,0.2756,0.2763,0.2755,0.276,19464.3
2026-05-15 01:00:00,0.2759,0.2766,0.2758,0.2761,43119.7
2026-05-15 01:05:00,0.2761,0.2767,0.2757,0.2757,38185.4
2026-05-15 01:10:00,0.2757,0.2757,0.2753,0.2756,24356.8
2026-05-15 01:15:00,0.2755,0.2765,0.2755,0.276,15747.1
2026-05-15 01:20:00,0.276,0.276,0.2755,0.2756,13566.3
2026-05-15 01:25:00,0.2755,0.2757,0.2749,0.275,17727.3
2026-05-15 01:30:00,0.2749,0.2752,0.273,0.2738,62606.7
2026-05-15 01:35:00,0.2739,0.2742,0.2732,0.2739,313962.6
2026-05-15 01:40:00,0.2739,0.2746,0.2738,0.2743,12552.1
2026-05-15 01:45:00,0.2742,0.2744,0.2735,0.2738,30430.9
2026-05-15 01:50:00,0.2737,0.2738,0.2728,0.2736,33338.2
2026-05-15 01:55:00,0.2735,0.2735,0.2728,0.2728,15300.2
2026-05-15 02:00:00,0.2727,0.2742,0.272,0.2742,214184.3
2026-05-15 02:05:00,0.2742,0.2742,0.2727,0.2731,31196.5
2026-05-15 02:10:00,0.273,0.273,0.2724,0.2726,25942.0
2026-05-15 02:15:00,0.2725,0.2727,0.2714,0.2721,47610.0
2026-05-15 02:20:00,0.2721,0.2726,0.2717,0.2725,23128.0
2026-05-15 02:25:00,0.2726,0.2726,0.2711,0.2714,44951.0
2026-05-15 02:30:00,0.2712,0.2715,0.2705,0.271,48143.3
2026-05-15 02:35:00,0.2711,0.2729,0.2711,0.2721,30342.8
2026-05-15 02:40:00,0.272,0.2727,0.2717,0.2726,34193.1
2026-05-15 02:45:00,0.2727,0.2728,0.2721,0.2724,15815.6
2026-05-15 02:50:00,0.2725,0.2738,0.2725,0.2735,53520.1
2026-05-15 02:55:00,0.2734,0.2735,0.2725,0.2725,40955.6
2026-05-15 03:00:00,0.2724,0.2727,0.2721,0.2722,22694.4
2026-05-15 03:05:00,0.2721,0.2721,0.2714,0.2716,11982.9
2026-05-15 03:10:00,0.2717,0.2726,0.2717,0.2722,18049.9
2026-05-15 03:15:00,0.2722,0.2723,0.2715,0.2723,15546.6
2026-05-15 03:20:00,0.2724,0.2725,0.2719,0.2724,55262.5
2026-05-15 03:25:00,0.2724,0.2724,0.2715,0.2717,59044.8
2026-05-15 03:30:00,0.2715,0.2715,0.2702,0.2705,44808.1
2026-05-15 03:35:00,0.2705,0.2708,0.2702,0.2704,120467.0
2026-05-15 03:40:00,0.2706,0.2717,0.2706,0.2717,19137.1
2026-05-15 03:45:00,0.2717,0.2718,0.2713,0.2713,18297.2
2026-05-15 03:50:00,0.2714,0.2714,0.271,0.2714,3669.4
2026-05-15 03:55:00,0.2715,0.2719,0.2715,0.2716,8543.1
2026-05-15 04:00:00,0.2716,0.2716,0.271,0.2712,9444.6
2026-05-15 04:05:00,0.2713,0.2719,0.2713,0.2716,10817.8
2026-05-15 04:10:00,0.2715,0.2715,0.2709,0.271,19353.7
2026-05-15 04:15:00,0.2711,0.2713,0.2705,0.2705,7146.6
2026-05-15 04:20:00,0.2705,0.2706,0.2703,0.2706,31422.4
2026-05-15 04:25:00,0.2707,0.2707,0.2699,0.2701,52379.8
2026-05-15 04:30:00,0.2699,0.2704,0.2693,0.2704,35405.8
2026-05-15 04:35:00,0.2704,0.2704,0.2698,0.2699,6884.8
2026-05-15 04:40:00,0.27,0.2704,0.2699,0.2699,2643.7
2026-05-15 04:45:00,0.2698,0.2699,0.269,0.2693,38427.7
2026-05-15 04:50:00,0.2692,0.2693,0.2685,0.2688,40279.6
2026-05-15 04:55:00,0.2687,0.2687,0.2678,0.2679,40258.1
2026-05-15 05:00:00,0.2679,0.2685,0.2674,0.2685,56584.3
2026-05-15 05:05:00,0.2684,0.2685,0.2674,0.2679,25110.4
2026-05-15 05:10:00,0.268,0.2681,0.2674,0.2681,20778.3
2026-05-15 05:15:00,0.268,0.269,0.268,0.2682,58320.0
2026-05-15 05:20:00,0.2683,0.2684,0.2674,0.268,51116.6
2026-05-15 05:25:00,0.2679,0.2679,0.2673,0.2673,18598.1
2026-05-15 05:30:00,0.2675,0.2675,0.2649,0.265,194470.3
2026-05-15 05:35:00,0.265,0.2651,0.2631,0.264,222278.6
2026-05-15 05:40:00,0.2639,0.264,0.2628,0.2632,213269.5
2026-05-15 05:45:00,0.263,0.2633,0.2617,0.2627,143138.0
2026-05-15 05:50:00,0.2628,0.2633,0.2626,0.2631,38971.4
2026-05-15 05:55:00,0.2632,0.2633,0.2614,0.2616,47008.8
2026-05-15 06:00:00,0.2618,0.2639,0.2613,0.2637,456706.7
2026-05-15 06:05:00,0.2638,0.2646,0.2634,0.264,130308.6
2026-05-15 06:10:00,0.2641,0.2641,0.2634,0.2637,141797.3
2026-05-15 06:15:00,0.2637,0.2643,0.2635,0.2635,18480.3
2026-05-15 06:20:00,0.2634,0.2645,0.263,0.264,86009.6
2026-05-15 06:25:00,0.2641,0.2649,0.2641,0.2649,21954.0
2026-05-15 06:30:00,0.2649,0.266,0.2649,0.2653,25781.0
2026-05-15 06:35:00,0.2653,0.2656,0.265,0.2653,13473.8
2026-05-15 06:40:00,0.2654,0.266,0.2652,0.2658,44571.6
2026-05-15 06:45:00,0.2657,0.266,0.2655,0.2659,12153.9
2026-05-15 06:50:00,0.2658,0.2662,0.2655,0.2658,7890.6
2026-05-15 06:55:00,0.266,0.2661,0.2657,0.2658,11509.8
2026-05-15 07:00:00,0.2659,0.2659,0.2656,0.2656,6910.1
2026-05-15 07:05:00,0.2657,0.266,0.2655,0.2655,12064.0
2026-05-15 07:10:00,0.2656,0.2662,0.2652,0.2653,84415.6
2026-05-15 07:15:00,0.2652,0.2653,0.2643,0.2653,136145.6
2026-05-15 07:20:00,0.2653,0.2669,0.2653,0.2667,131388.2
2026-05-15 07:25:00,0.2666,0.2678,0.2666,0.2673,82275.4
2026-05-15 07:30:00,0.2672,0.2673,0.2659,0.2659,39238.9
2026-05-15 07:35:00,0.2658,0.2659,0.2653,0.2658,30908.8
2026-05-15 07:40:00,0.2658,0.2659,0.2653,0.2658,16866.8
2026-05-15 07:45:00,0.2657,0.2659,0.2655,0.2658,18318.3
2026-05-15 07:50:00,0.2657,0.2657,0.2654,0.2654,1429.1
2026-05-15 07:55:00,0.2653,0.2654,0.2646,0.2647,101241.0
2026-05-15 08:00:00,0.2648,0.2648,0.2632,0.2633,181160.2
2026-05-15 08:05:00,0.2633,0.2635,0.2631,0.2633,23215.7
2026-05-15 08:10:00,0.2631,0.2635,0.263,0.2633,14714.0
2026-05-15 08:15:00,0.2633,0.2633,0.2622,0.2625,54093.9
2026-05-15 08:20:00,0.2624,0.2631,0.2622,0.2627,17440.1
2026-05-15 08:25:00,0.2627,0.2628,0.2614,0.2617,166121.8
2026-05-15 08:30:00,0.2617,0.2623,0.2607,0.2618,498973.9
2026-05-15 08:35:00,0.2618,0.2628,0.2617,0.2626,61587.5
2026-05-15 08:40:00,0.2626,0.2642,0.2626,0.2641,77201.7
2026-05-15 08:45:00,0.2641,0.2642,0.2637,0.2639,15701.1
2026-05-15 08:50:00,0.2638,0.2639,0.2631,0.2635,25981.1
2026-05-15 08:55:00,0.2634,0.2639,0.2631,0.2633,18705.8
2026-05-15 09:00:00,0.2634,0.2635,0.2628,0.2632,28964.4
2026-05-15 09:05:00,0.2633,0.2636,0.2626,0.263,24598.0
2026-05-15 09:10:00,0.2631,0.2631,0.2626,0.2627,27518.4
2026-05-15 09:15:00,0.2626,0.2627,0.2615,0.2617,45362.0
2026-05-15 09:20:00,0.2617,0.2619,0.2613,0.2617,110038.4
2026-05-15 09:25:00,0.2616,0.2622,0.2607,0.2622,35215.0
2026-05-15 09:30:00,0.262,0.262,0.2616,0.2616,37939.4
2026-05-15 09:35:00,0.2616,0.2616,0.2608,0.2608,49777.8
2026-05-15 09:40:00,0.261,0.2612,0.2598,0.26,115675.3
2026-05-15 09:45:00,0.2601,0.2605,0.2597,0.26,35100.4
2026-05-15 09:50:00,0.2599,0.2601,0.2589,0.2597,157499.9
2026-05-15 09:55:00,0.2597,0.2604,0.2593,0.2602,43517.3
2026-05-15 10:00:00,0.2602,0.2607,0.2601,0.2603,31695.8
2026-05-15 10:05:00,0.2602,0.2609,0.2602,0.2608,11996.7
2026-05-15 10:10:00,0.2607,0.2607,0.2603,0.2604,35581.3
2026-05-15 10:15:00,0.2603,0.2605,0.2597,0.2598,40001.5
2026-05-15 10:20:00,0.2598,0.2607,0.2598,0.2607,44852.6
2026-05-15 10:25:00,0.2607,0.2615,0.2607,0.2612,49386.4
2026-05-15 10:30:00,0.2611,0.2631,0.2611,0.2622,111117.6
2026-05-15 10:35:00,0.2623,0.2629,0.2621,0.2623,164788.9
2026-05-15 10:40:00,0.2624,0.2629,0.2619,0.2629,29690.3
2026-05-15 10:45:00,0.2629,0.2637,0.2626,0.2627,45093.3
2026-05-15 10:50:00,0.2628,0.2642,0.2627,0.2631,94288.1
2026-05-15 10:55:00,0.2632,0.2634,0.2627,0.2628,24322.7
2026-05-15 11:00:00,0.2629,0.2634,0.2623,0.2623,44470.1
2026-05-15 11:05:00,0.2624,0.2628,0.2624,0.2624,9421.8
2026-05-15 11:10:00,0.2623,0.2629,0.2622,0.2629,5262.6
2026-05-15 11:15:00,0.263,0.2632,0.2625,0.2627,12460.8
2026-05-15 11:20:00,0.2628,0.2629,0.2619,0.2621,13868.5
2026-05-15 11:25:00,0.2621,0.2625,0.2621,0.2625,7606.4
2026-05-15 11:30:00,0.2625,0.2628,0.2624,0.2625,8113.7
2026-05-15 11:35:00,0.2626,0.2627,0.2614,0.2616,25582.9
2026-05-15 11:40:00,0.2617,0.2619,0.2616,0.2616,21459.8
2026-05-15 11:45:00,0.2617,0.2624,0.2617,0.2618,114151.4
2026-05-15 11:50:00,0.2618,0.2619,0.2615,0.2617,11030.2
2026-05-15 11:55:00,0.2615,0.2615,0.2607,0.261,12871.6
2026-05-15 12:00:00,0.261,0.2611,0.2603,0.2607,53975.6
2026-05-15 12:05:00,0.2607,0.2614,0.2606,0.2614,21964.3
2026-05-15 12:10:00,0.2614,0.2618,0.261,0.261,54637.9
2026-05-15 12:15:00,0.2609,0.2616,0.2608,0.2615,42101.9
2026-05-15 12:20:00,0.2615,0.2621,0.2614,0.2614,64292.1
2026-05-15 12:25:00,0.2613,0.2613,0.2611,0.2611,12072.3
2026-05-15 12:30:00,0.2611,0.2613,0.2606,0.2612,53272.0
2026-05-15 12:35:00,0.2611,0.2611,0.2607,0.2608,14662.5
2026-05-15 12:40:00,0.2607,0.2607,0.2597,0.2598,99853.9
2026-05-15 12:45:00,0.2597,0.2602,0.2593,0.2602,48036.7
2026-05-15 12:50:00,0.2601,0.2605,0.2601,0.2603,25914.7
2026-05-15 12:55:00,0.2602,0.2604,0.2601,0.2604,5128.4
2026-05-15 13:00:00,0.2603,0.2603,0.259,0.2595,29909.4
2026-05-15 13:05:00,0.2596,0.2599,0.2586,0.2592,27630.0
2026-05-15 13:10:00,0.2592,0.2594,0.2586,0.2593,102656.5
2026-05-15 13:15:00,0.2593,0.26,0.2589,0.2598,31744.5
2026-05-15 13:20:00,0.2598,0.2601,0.2597,0.2598,16616.8
2026-05-15 13:25:00,0.2597,0.2599,0.2587,0.259,31020.7
2026-05-15 13:30:00,0.2591,0.2591,0.2541,0.2558,718977.4
2026-05-15 13:35:00,0.2557,0.2557,0.2526,0.2531,270392.1
2026-05-15 13:40:00,0.2531,0.2542,0.2516,0.2518,251278.6
2026-05-15 13:45:00,0.2519,0.2538,0.2513,0.2531,164319.6
2026-05-15 13:50:00,0.2532,0.2534,0.2496,0.2523,509720.2
2026-05-15 13:55:00,0.2522,0.2523,0.2497,0.2504,146121.7
2026-05-15 14:00:00,0.2505,0.2516,0.2494,0.2515,138133.5
2026-05-15 14:05:00,0.2514,0.2529,0.2511,0.2525,235902.8
2026-05-15 14:10:00,0.2528,0.2537,0.252,0.2529,388536.4
2026-05-15 14:15:00,0.253,0.2543,0.2521,0.2536,260555.8
2026-05-15 14:20:00,0.2536,0.2538,0.252,0.252,194163.4
2026-05-15 14:25:00,0.252,0.252,0.2504,0.2509,67315.5
2026-05-15 14:30:00,0.251,0.2514,0.25,0.2509,88937.0
2026-05-15 14:35:00,0.2508,0.251,0.2497,0.25,140968.4
2026-05-15 14:40:00,0.25,0.2503,0.2499,0.2499,81786.9
2026-05-15 14:45:00,0.25,0.2505,0.2495,0.2502,48312.8
2026-05-15 14:50:00,0.2501,0.2505,0.2496,0.2504,121386.1
2026-05-15 14:55:00,0.2506,0.2515,0.2505,0.2508,29764.9
2026-05-15 15:00:00,0.2509,0.2514,0.2502,0.2503,38309.8
2026-05-15 15:05:00,0.2502,0.251,0.25,0.2509,24585.2
2026-05-15 15:10:00,0.2509,0.2513,0.2506,0.2506,124755.6
2026-05-15 15:15:00,0.2506,0.2517,0.2503,0.2514,418614.6
2026-05-15 15:20:00,0.2514,0.252,0.2512,0.2512,234524.6
2026-05-15 15:25:00,0.2512,0.2512,0.2505,0.2509,156429.9
2026-05-15 15:30:00,0.251,0.2518,0.251,0.2516,78484.0
2026-05-15 15:35:00,0.2515,0.2517,0.2511,0.2511,38421.9
2026-05-15 15:40:00,0.2511,0.2517,0.2509,0.2515,71364.6
2026-05-15 15:45:00,0.2516,0.2522,0.2512,0.2518,23282.8
2026-05-15 15:50:00,0.2517,0.2523,0.2516,0.252,22110.1
2026-05-15 15:55:00,0.2519,0.2526,0.2517,0.2524,52748.5
2026-05-15 16:00:00,0.2524,0.2524,0.2514,0.2523,37985.5
2026-05-15 16:05:00,0.2523,0.2524,0.2518,0.252,31146.6
2026-05-15 16:10:00,0.2521,0.2526,0.2518,0.2526,13804.7
2026-05-15 16:15:00,0.2525,0.2526,0.2521,0.2521,12426.2
2026-05-15 16:20:00,0.2523,0.254,0.2523,0.2537,105623.4
2026-05-15 16:25:00,0.2538,0.254,0.2527,0.254,72010.2
2026-05-15 16:30:00,0.254,0.2554,0.254,0.2548,130722.9
2026-05-15 16:35:00,0.2548,0.2548,0.254,0.2547,8061.6
2026-05-15 16:40:00,0.2548,0.2551,0.2545,0.2549,27495.0
2026-05-15 16:45:00,0.255,0.2552,0.2537,0.2545,35499.8
2026-05-15 16:50:00,0.2546,0.2546,0.2537,0.2542,18561.4
2026-05-15 16:55:00,0.2543,0.2546,0.2543,0.2546,17444.4
2026-05-15 17:00:00,0.2547,0.2552,0.2542,0.2544,48018.1
2026-05-15 17:05:00,0.2545,0.2558,0.2544,0.255,27842.0
2026-05-15 17:10:00,0.2551,0.2553,0.2541,0.2544,64619.6
2026-05-15 17:15:00,0.2543,0.2543,0.2539,0.2543,37815.4
2026-05-15 17:20:00,0.2543,0.255,0.2542,0.255,8180.5
2026-05-15 17:25:00,0.255,0.2561,0.255,0.2561,219297.7
2026-05-15 17:30:00,0.2561,0.2562,0.2557,0.256,9665.9
2026-05-15 17:35:00,0.256,0.2561,0.2556,0.2559,27167.2
2026-05-15 17:40:00,0.256,0.256,0.2554,0.2555,84012.5
2026-05-15 17:45:00,0.2555,0.2557,0.2552,0.2555,17462.4
2026-05-15 17:50:00,0.2556,0.2558,0.2551,0.2557,29802.0
2026-05-15 17:55:00,0.2557,0.2561,0.2557,0.256,22672.5
2026-05-15 18:00:00,0.256,0.2568,0.2557,0.2558,39356.7
2026-05-15 18:05:00,0.2557,0.2558,0.2553,0.2555,12431.4
2026-05-15 18:10:00,0.2553,0.2562,0.2552,0.2561,21086.9
2026-05-15 18:15:00,0.256,0.256,0.255,0.2552,17968.2
2026-05-15 18:20:00,0.2553,0.2566,0.2553,0.2563,13842.1
2026-05-15 18:25:00,0.2562,0.2565,0.256,0.2564,16143.6
2026-05-15 18:30:00,0.2565,0.2567,0.2559,0.2564,21160.9
2026-05-15 18:35:00,0.2565,0.2572,0.2564,0.2572,35817.8
2026-05-15 18:40:00,0.257,0.2574,0.2565,0.2572,54358.2
2026-05-15 18:45:00,0.2572,0.2572,0.2563,0.257,17181.1
2026-05-15 18:50:00,0.2571,0.2572,0.2566,0.2571,11779.1
2026-05-15 18:55:00,0.257,0.2571,0.2566,0.2566,4255.8
2026-05-15 19:00:00,0.2566,0.2568,0.2559,0.256,40201.1
2026-05-15 19:05:00,0.256,0.2562,0.2559,0.2559,11265.5
2026-05-15 19:10:00,0.2558,0.2559,0.2556,0.2557,7936.7
2026-05-15 19:15:00,0.2558,0.2561,0.2557,0.2561,4634.2
2026-05-15 19:20:00,0.256,0.2564,0.256,0.2562,1181.8
2026-05-15 19:25:00,0.2561,0.2562,0.2559,0.2559,12799.6
2026-05-15 19:30:00,0.2559,0.2565,0.2558,0.2562,35925.7
2026-05-15 19:35:00,0.2561,0.2564,0.2558,0.2563,22123.8
2026-05-15 19:40:00,0.2563,0.2563,0.2557,0.2557,8687.6
2026-05-15 19:45:00,0.2558,0.256,0.2557,0.256,33990.2
2026-05-15 19:50:00,0.256,0.256,0.2552,0.2554,20035.2
2026-05-15 19:55:00,0.2553,0.2555,0.2547,0.2555,67746.2
2026-05-15 20:00:00,0.2555,0.2556,0.255,0.2552,18274.3
2026-05-15 20:05:00,0.2551,0.2556,0.2549,0.2553,18344.1
2026-05-15 20:10:00,0.2552,0.2553,0.2549,0.255,107619.0
2026-05-15 20:15:00,0.2549,0.2555,0.2548,0.2552,28964.7
2026-05-15 20:20:00,0.2551,0.2555,0.2549,0.2554,31124.9
2026-05-15 20:25:00,0.2555,0.2559,0.2555,0.2559,7037.3
2026-05-15 20:30:00,0.256,0.256,0.2551,0.2553,42810.4
2026-05-15 20:35:00,0.2553,0.2553,0.2548,0.2551,41073.8
2026-05-15 20:40:00,0.2552,0.2553,0.2551,0.2553,5923.4
2026-05-15 20:45:00,0.255,0.255,0.2533,0.2536,78887.9
2026-05-15 20:50:00,0.2537,0.2541,0.2537,0.2541,14395.7
2026-05-15 20:55:00,0.2541,0.2543,0.254,0.2543,5239.3
2026-05-15 21:00:00,0.2544,0.2546,0.2544,0.2545,7117.1
2026-05-15 21:05:00,0.2544,0.2548,0.2544,0.2548,8782.4
2026-05-15 21:10:00,0.2549,0.2549,0.2543,0.2543,136672.6
2026-05-15 21:15:00,0.2542,0.2551,0.254,0.2551,51412.8
2026-05-15 21:20:00,0.2551,0.2552,0.2548,0.2548,18053.8
2026-05-15 21:25:00,0.2549,0.2555,0.2549,0.2553,11973.5
2026-05-15 21:30:00,0.2553,0.256,0.2553,0.2558,47729.7
2026-05-15 21:35:00,0.256,0.2561,0.2558,0.2559,17418.2
2026-05-15 21:40:00,0.256,0.2564,0.2559,0.2562,24851.2
