time,signal,confidence,entry,stop_loss,take_profit,market_structure,order_flow,whale_activity,liquidity,sniper_entry,fvg,order_block,structure_signal
2026-05-15 21:56:47.461972,NO TRADE,50.65,,,,BULLISH,BULLISH,WHALE_ACCUMULATION,NO_SWEEP,False,BEARISH_FVG,NO_ORDER_BLOCK,NO_STRUCTURE_SHIFT
2026-05-15 21:57:48.723903,NO TRADE,54.70000076293945,,,,BULLISH,BULLISH,WHALE_ACCUMULATION,NO_SWEEP,False,BEARISH_FVG,NO_ORDER_BLOCK,NO_STRUCTURE_SHIFT
2026-05-15 21:59:58.856613,NO TRADE,58.459999084472656,,,,BULLISH,BULLISH,WHALE_ACCUMULATION,NO_SWEEP,False,NO_FVG,NO_ORDER_BLOCK,NO_STRUCTURE_SHIFT
2026-05-15 22:01:00.309486,NO TRADE,50.91999816894531,,,,BULLISH,BULLISH,WHALE_ACCUMULATION,NO_SWEEP,False,NO_FVG,NO_ORDER_BLOCK,NO_STRUCTURE_SHIFT
2026-05-15 22:02:01.481624,NO TRADE,45.66999816894531,,,,BULLISH,BULLISH,WHALE_ACCUMULATION,NO_SWEEP,False,NO_FVG,NO_ORDER_BLOCK,NO_STRUCTURE_SHIFT
2026-05-15 22:03:03.185513,NO TRADE,48.540000915527344,,,,BULLISH,BULLISH,WHALE_ACCUMULATION,NO_SWEEP,False,BEARISH_FVG,NO_ORDER_BLOCK,NO_STRUCTURE_SHIFT
2026-05-15 22:03:20.953494,NO TRADE,53.540000915527344,,,,BULLISH,BULLISH,WHALE_ACCUMULATION,NO_SWEEP,False,BEARISH_FVG,NO_ORDER_BLOCK,NO_STRUCTURE_SHIFT
2026-05-15 22:03:53.811800,NO TRADE,53.540000915527344,,,,BULLISH,BULLISH,WHALE_ACCUMULATION,NO_SWEEP,False,BEARISH_FVG,NO_ORDER_BLOCK,NO_STRUCTURE_SHIFT
2026-05-15 22:04:54.974233,NO TRADE,52.56999969482422,,,,BULLISH,BULLISH,WHALE_ACCUMULATION,NO_SWEEP,False,BEARISH_FVG,NO_ORDER_BLOCK,NO_STRUCTURE_SHIFT
2026-05-15 22:05:30.268091,NO TRADE,57.540000915527344,,,,BULLISH,BULLISH,WHALE_ACCUMULATION,NO_SWEEP,False,BEARISH_FVG,NO_ORDER_BLOCK,BULLISH_CHOCH
2026-05-15 22:06:06.885316,NO TRADE,57.540000915527344,,,,BULLISH,BULLISH,WHALE_ACCUMULATION,NO_SWEEP,False,BULLISH_FVG,NO_ORDER_BLOCK,NO_STRUCTURE_SHIFT
2026-05-15 22:07:08.038773,NO TRADE,53.540000915527344,,,,BULLISH,BULLISH,WHALE_ACCUMULATION,NO_SWEEP,False,BEARISH_FVG,NO_ORDER_BLOCK,NO_STRUCTURE_SHIFT
2026-05-15 22:08:09.229920,NO TRADE,53.540000915527344,,,,BULLISH,BULLISH,WHALE_ACCUMULATION,NO_SWEEP,False,NO_FVG,NO_ORDER_BLOCK,NO_STRUCTURE_SHIFT
2026-05-15 22:08:34.229067,NO TRADE,56.540000915527344,,,,BULLISH,BULLISH,WHALE_ACCUMULATION,NO_SWEEP,False,NO_FVG,NO_ORDER_BLOCK,NO_STRUCTURE_SHIFT
2026-05-15 22:09:35.392783,NO TRADE,56.95000076293945,,,,BULLISH,BULLISH,WHALE_ACCUMULATION,NO_SWEEP,False,NO_FVG,NO_ORDER_BLOCK,NO_STRUCTURE_SHIFT
2026-05-15 22:10:29.757667,NO TRADE,61.96,,,,BULLISH,BULLISH,WHALE_ACCUMULATION,NO_SWEEP,False,NO_FVG,NO_ORDER_BLOCK,NO_STRUCTURE_SHIFT
2026-05-15 22:11:30.964999,LONG,62.31,0.2556,0.255269,0.256261,BULLISH,BULLISH,WHALE_ACCUMULATION,NO_SWEEP,False,NO_FVG,NO_ORDER_BLOCK,BEARISH_CHOCH
2026-05-15 22:14:17.331602,NO TRADE,56.82,,,,BULLISH,BULLISH,WHALE_ACCUMULATION,NO_SWEEP,False,NO_FVG,NO_ORDER_BLOCK,NO_STRUCTURE_SHIFT
2026-05-15 22:15:18.527176,LONG,58.84,0.2554,0.255108,0.255984,BULLISH,BULLISH,WHALE_ACCUMULATION,NO_SWEEP,False,BEARISH_FVG,NO_ORDER_BLOCK,NO_STRUCTURE_SHIFT
2026-05-15 22:15:32.256990,LONG,68.37,0.2552,0.254886,0.255827,BEARISH,BULLISH,WHALE_ACCUMULATION,NO_SWEEP,False,BEARISH_FVG,NO_ORDER_BLOCK,BEARISH_BOS
2026-05-15 22:16:35.554965,LONG,68.03,0.2552,0.254898,0.255804,BEARISH,BULLISH,WHALE_ACCUMULATION,NO_SWEEP,False,BEARISH_FVG,NO_ORDER_BLOCK,NO_STRUCTURE_SHIFT
2026-05-15 22:17:38.752110,LONG,65.66,0.2552,0.25492,0.255761,BEARISH,BULLISH,WHALE_ACCUMULATION,NO_SWEEP,False,NO_FVG,NO_ORDER_BLOCK,NO_STRUCTURE_SHIFT
2026-05-15 22:18:41.969217,LONG,70.48,0.2554,0.25512,0.255961,BEARISH,BULLISH,WHALE_ACCUMULATION,NO_SWEEP,False,BULLISH_FVG,NO_ORDER_BLOCK,NO_STRUCTURE_SHIFT
2026-05-15 22:19:45.310594,LONG,83.55,0.2555,0.25522,0.25606,BEARISH,BULLISH,WHALE_ACCUMULATION,NO_SWEEP,False,BULLISH_FVG,NO_ORDER_BLOCK,NO_STRUCTURE_SHIFT
2026-05-15 22:20:48.696334,LONG,72.59,0.2554,0.255129,0.255942,BEARISH,BULLISH,WHALE_ACCUMULATION,NO_SWEEP,False,NO_FVG,NO_ORDER_BLOCK,NO_STRUCTURE_SHIFT
2026-05-15 22:21:51.956159,LONG,82.48,0.2555,0.255238,0.256024,BEARISH,BULLISH,WHALE_ACCUMULATION,NO_SWEEP,False,NO_FVG,NO_ORDER_BLOCK,BULLISH_CHOCH
2026-05-15 22:22:55.277931,NO TRADE,67.12,,,,BEARISH,BULLISH,WHALE_ACCUMULATION,NO_SWEEP,False,BULLISH_FVG,NO_ORDER_BLOCK,BULLISH_BOS
2026-05-16 07:47:16.342989,NO TRADE,60.14,,,,BEARISH,BULLISH,WHALE_ACCUMULATION,NO_SWEEP,False,BEARISH_FVG,NO_ORDER_BLOCK,BEARISH_BOS
2026-05-16 07:48:19.707441,NO TRADE,66.06,,,,BEARISH,NEUTRAL,WHALE_ACCUMULATION,NO_SWEEP,False,BEARISH_FVG,NO_ORDER_BLOCK,BEARISH_BOS
2026-05-16 07:54:55.530629,LONG,77.66,0.2435,0.243063,0.244375,BEARISH,BULLISH,WHALE_ACCUMULATION,NO_SWEEP,False,BEARISH_FVG,NO_ORDER_BLOCK,NO_STRUCTURE_SHIFT
2026-05-16 07:55:58.797504,NO TRADE,62.8,,,,BEARISH,BULLISH,WHALE_ACCUMULATION,NO_SWEEP,False,NO_FVG,NO_ORDER_BLOCK,NO_STRUCTURE_SHIFT
2026-05-16 07:57:01.616601,NO TRADE,63.55,,,,BEARISH,BULLISH,WHALE_ACCUMULATION,NO_SWEEP,False,BULLISH_FVG,NO_ORDER_BLOCK,NO_STRUCTURE_SHIFT
2026-05-16 07:58:04.191763,NO TRADE,63.94,,,,BEARISH,BULLISH,WHALE_ACCUMULATION,NO_SWEEP,False,NO_FVG,NO_ORDER_BLOCK,NO_STRUCTURE_SHIFT
2026-05-16 07:58:38.152636,NO TRADE,61.01,,,,BEARISH,BULLISH,WHALE_ACCUMULATION,NO_SWEEP,False,NO_FVG,NO_ORDER_BLOCK,NO_STRUCTURE_SHIFT
2026-05-16 07:59:39.355837,NO TRADE,62.33,,,,BEARISH,BULLISH,WHALE_ACCUMULATION,NO_SWEEP,False,NO_FVG,NO_ORDER_BLOCK,NO_STRUCTURE_SHIFT
2026-05-16 08:00:40.531782,NO TRADE,70.34,,,,BEARISH,BULLISH,WHALE_ACCUMULATION,NO_SWEEP,False,BULLISH_FVG,NO_ORDER_BLOCK,BULLISH_BOS
2026-05-16 08:01:41.749215,NO TRADE,66.11,,,,BEARISH,BULLISH,WHALE_ACCUMULATION,NO_SWEEP,False,BULLISH_FVG,NO_ORDER_BLOCK,NO_STRUCTURE_SHIFT
2026-05-16 08:02:42.948061,LONG,74.33,0.2441,0.243706,0.244888,BEARISH,BULLISH,WHALE_ACCUMULATION,NO_SWEEP,False,NO_FVG,NO_ORDER_BLOCK,NO_STRUCTURE_SHIFT
2026-05-16 08:03:45.091357,NO TRADE,68.37,,,,BEARISH,BULLISH,WHALE_ACCUMULATION,NO_SWEEP,False,NO_FVG,NO_ORDER_BLOCK,NO_STRUCTURE_SHIFT
2026-05-16 08:04:46.282866,NO TRADE,61.45,,,,BEARISH,BULLISH,WHALE_ACCUMULATION,NO_SWEEP,False,NO_FVG,NO_ORDER_BLOCK,NO_STRUCTURE_SHIFT
2026-05-16 08:07:12.042708,NO TRADE,72.24,,,,BEARISH,BULLISH,WHALE_ACCUMULATION,BULLISH_LIQUIDITY_SWEEP,False,NO_FVG,NO_ORDER_BLOCK,NO_STRUCTURE_SHIFT
2026-05-16 08:08:13.260922,NO TRADE,62.16,,,,BEARISH,BULLISH,WHALE_ACCUMULATION,NO_SWEEP,False,BULLISH_FVG,NO_ORDER_BLOCK,NO_STRUCTURE_SHIFT
2026-05-16 08:09:14.586682,NO TRADE,62.58,,,,BEARISH,BULLISH,WHALE_ACCUMULATION,NO_SWEEP,False,NO_FVG,NO_ORDER_BLOCK,BEARISH_CHOCH
2026-05-16 08:12:17.254811,NO TRADE,59.16,,,,BULLISH,BULLISH,WHALE_ACCUMULATION,NO_SWEEP,False,BULLISH_FVG,NO_ORDER_BLOCK,NO_STRUCTURE_SHIFT
2026-05-16 08:13:18.505882,LONG,84.14,0.2443,0.243973,0.244954,BULLISH,BULLISH,WHALE_ACCUMULATION,NO_SWEEP,False,NO_FVG,NO_ORDER_BLOCK,BULLISH_CHOCH
2026-05-16 08:14:20.828589,NO TRADE,64.57,,,,BULLISH,BULLISH,WHALE_ACCUMULATION,NO_SWEEP,False,NO_FVG,NO_ORDER_BLOCK,NO_STRUCTURE_SHIFT
2026-05-16 08:16:03.382143,NO TRADE,62.13,,,,BULLISH,BULLISH,WHALE_ACCUMULATION,NO_SWEEP,False,BULLISH_FVG,NO_ORDER_BLOCK,NO_STRUCTURE_SHIFT
2026-05-16 08:17:05.400096,NO TRADE,69.18,,,,BULLISH,BULLISH,WHALE_ACCUMULATION,NO_SWEEP,False,BULLISH_FVG,NO_ORDER_BLOCK,NO_STRUCTURE_SHIFT
2026-05-16 08:18:07.423278,NO TRADE,65.19,,,,BULLISH,BULLISH,WHALE_ACCUMULATION,NO_SWEEP,False,NO_FVG,NO_ORDER_BLOCK,NO_STRUCTURE_SHIFT
2026-05-16 08:19:09.539237,NO TRADE,63.05,,,,BULLISH,BULLISH,WHALE_ACCUMULATION,NO_SWEEP,False,BULLISH_FVG,NO_ORDER_BLOCK,NO_STRUCTURE_SHIFT
2026-05-16 08:20:42.168910,NO TRADE,57.54,,,,BULLISH,BULLISH,WHALE_ACCUMULATION,NO_SWEEP,False,NO_FVG,NO_ORDER_BLOCK,NO_STRUCTURE_SHIFT
2026-05-16 08:21:44.255510,NO TRADE,72.7,,,,BULLISH,BULLISH,WHALE_ACCUMULATION,NO_SWEEP,False,NO_FVG,BULLISH_ORDER_BLOCK,BULLISH_CHOCH
2026-05-16 08:22:46.277103,LONG,82.83,0.2447,0.244354,0.245393,BULLISH,BULLISH,WHALE_ACCUMULATION,BEARISH_LIQUIDITY_SWEEP,False,NO_FVG,NO_ORDER_BLOCK,BULLISH_BOS
2026-05-16 08:23:49.246020,LONG,73.28,0.2444,0.244047,0.245106,BULLISH,BULLISH,WHALE_ACCUMULATION,NO_SWEEP,False,BEARISH_FVG,NO_ORDER_BLOCK,BEARISH_BOS
2026-05-16 08:24:52.473007,NO TRADE,63.46,,,,BULLISH,BULLISH,WHALE_ACCUMULATION,NO_SWEEP,False,NO_FVG,BULLISH_ORDER_BLOCK,BULLISH_CHOCH
2026-05-16 08:25:54.768638,NO TRADE,63.52,,,,BULLISH,BULLISH,WHALE_ACCUMULATION,NO_SWEEP,False,NO_FVG,NO_ORDER_BLOCK,NO_STRUCTURE_SHIFT
2026-05-16 08:26:57.086116,NO TRADE,62.65,,,,BULLISH,BULLISH,WHALE_ACCUMULATION,NO_SWEEP,False,NO_FVG,NO_ORDER_BLOCK,NO_STRUCTURE_SHIFT
2026-05-16 08:27:59.452373,NO TRADE,61.62,,,,BULLISH,BULLISH,WHALE_ACCUMULATION,NO_SWEEP,False,NO_FVG,NO_ORDER_BLOCK,NO_STRUCTURE_SHIFT
2026-05-16 08:29:01.819332,NO TRADE,62.65,,,,BULLISH,BULLISH,WHALE_ACCUMULATION,NO_SWEEP,False,NO_FVG,NO_ORDER_BLOCK,NO_STRUCTURE_SHIFT
2026-05-16 08:30:04.394367,NO TRADE,61.41,,,,BULLISH,BULLISH,WHALE_ACCUMULATION,NO_SWEEP,False,BEARISH_FVG,NO_ORDER_BLOCK,NO_STRUCTURE_SHIFT
2026-05-16 08:31:06.604274,NO TRADE,61.41,,,,BULLISH,BULLISH,WHALE_ACCUMULATION,NO_SWEEP,False,BULLISH_FVG,NO_ORDER_BLOCK,NO_STRUCTURE_SHIFT
2026-05-16 08:32:08.685530,LONG,63.15,0.2446,0.244308,0.245184,BULLISH,BULLISH,WHALE_ACCUMULATION,NO_SWEEP,False,NO_FVG,NO_ORDER_BLOCK,NO_STRUCTURE_SHIFT
2026-05-16 08:33:11.676272,NO TRADE,64.29,,,,BULLISH,NEUTRAL,WHALE_ACCUMULATION,NO_SWEEP,False,BEARISH_FVG,NO_ORDER_BLOCK,BEARISH_BOS
2026-05-16 08:34:13.975286,NO TRADE,63.94,,,,BULLISH,BULLISH,WHALE_ACCUMULATION,NO_SWEEP,False,NO_FVG,NO_ORDER_BLOCK,NO_STRUCTURE_SHIFT
2026-05-16 08:35:16.300981,NO TRADE,61.44,,,,BULLISH,BULLISH,WHALE_ACCUMULATION,NO_SWEEP,False,NO_FVG,NO_ORDER_BLOCK,BEARISH_CHOCH
2026-05-16 08:36:19.000164,NO TRADE,64.94,,,,BULLISH,BULLISH,WHALE_ACCUMULATION,NO_SWEEP,False,BEARISH_FVG,NO_ORDER_BLOCK,NO_STRUCTURE_SHIFT
2026-05-16 08:37:21.130093,NO TRADE,61.51,,,,BULLISH,BULLISH,WHALE_ACCUMULATION,NO_SWEEP,False,BULLISH_FVG,BULLISH_ORDER_BLOCK,BULLISH_CHOCH
2026-05-16 08:38:23.259552,LONG,87.4,0.2446,0.244263,0.245274,BULLISH,BULLISH,WHALE_ACCUMULATION,NO_SWEEP,False,BULLISH_FVG,NO_ORDER_BLOCK,BULLISH_BOS
2026-05-16 08:39:26.159639,LONG,63.0,0.2444,0.244076,0.245047,BULLISH,BULLISH,WHALE_ACCUMULATION,NO_SWEEP,False,NO_FVG,NO_ORDER_BLOCK,NO_STRUCTURE_SHIFT
2026-05-16 08:40:29.109888,NO TRADE,61.32,,,,BULLISH,BULLISH,WHALE_ACCUMULATION,NO_SWEEP,False,BEARISH_FVG,NO_ORDER_BLOCK,BEARISH_BOS
2026-05-16 08:41:31.112650,NO TRADE,65.77,,,,BULLISH,BULLISH,WHALE_ACCUMULATION,NO_SWEEP,False,BEARISH_FVG,NO_ORDER_BLOCK,NO_STRUCTURE_SHIFT
2026-05-16 08:42:33.194560,NO TRADE,60.6,,,,BULLISH,BULLISH,WHALE_ACCUMULATION,NO_SWEEP,False,NO_FVG,NO_ORDER_BLOCK,NO_STRUCTURE_SHIFT
2026-05-16 08:43:35.464888,LONG,60.3,0.2443,0.244002,0.244895,BULLISH,BULLISH,WHALE_ACCUMULATION,NO_SWEEP,False,NO_FVG,NO_ORDER_BLOCK,NO_STRUCTURE_SHIFT
2026-05-16 08:44:38.404343,NO TRADE,62.29,,,,BULLISH,BULLISH,WHALE_ACCUMULATION,NO_SWEEP,False,BEARISH_FVG,NO_ORDER_BLOCK,NO_STRUCTURE_SHIFT
2026-05-16 08:45:40.529959,NO TRADE,64.94,,,,BULLISH,BULLISH,WHALE_ACCUMULATION,NO_SWEEP,False,NO_FVG,NO_ORDER_BLOCK,NO_STRUCTURE_SHIFT
2026-05-16 08:46:42.558286,NO TRADE,67.96,,,,BULLISH,BULLISH,WHALE_ACCUMULATION,NO_SWEEP,False,NO_FVG,BULLISH_ORDER_BLOCK,BULLISH_CHOCH
2026-05-16 08:47:44.616101,LONG,87.29,0.2446,0.244281,0.245238,BULLISH,BULLISH,WHALE_ACCUMULATION,NO_SWEEP,False,BULLISH_FVG,NO_ORDER_BLOCK,BULLISH_BOS
2026-05-16 08:48:47.616518,LONG,73.05,0.2445,0.244182,0.245135,BULLISH,BULLISH,WHALE_ACCUMULATION,NO_SWEEP,False,BULLISH_FVG,NO_ORDER_BLOCK,NO_STRUCTURE_SHIFT
2026-05-16 08:49:50.546191,NO TRADE,69.75,,,,BULLISH,BULLISH,WHALE_ACCUMULATION,BULLISH_LIQUIDITY_SWEEP,False,BEARISH_FVG,NO_ORDER_BLOCK,BEARISH_BOS
2026-05-16 08:50:52.672019,NO TRADE,62.37,,,,BULLISH,BULLISH,WHALE_ACCUMULATION,NO_SWEEP,False,NO_FVG,NO_ORDER_BLOCK,NO_STRUCTURE_SHIFT
2026-05-16 08:51:54.799712,NO TRADE,64.28,,,,BULLISH,BULLISH,WHALE_ACCUMULATION,NO_SWEEP,False,NO_FVG,NO_ORDER_BLOCK,NO_STRUCTURE_SHIFT
2026-05-16 08:52:56.898818,NO TRADE,60.73,,,,BULLISH,BULLISH,WHALE_ACCUMULATION,NO_SWEEP,False,BULLISH_FVG,NO_ORDER_BLOCK,NO_STRUCTURE_SHIFT
2026-05-16 08:53:58.930737,LONG,60.99,0.2443,0.244021,0.244858,BULLISH,BULLISH,WHALE_ACCUMULATION,NO_SWEEP,False,NO_FVG,NO_ORDER_BLOCK,BEARISH_CHOCH
2026-05-16 08:55:02.802579,LONG,85.23,0.2445,0.244219,0.245061,BULLISH,BULLISH,WHALE_ACCUMULATION,NO_SWEEP,False,NO_FVG,BULLISH_ORDER_BLOCK,BULLISH_CHOCH
2026-05-16 08:56:05.746576,NO TRADE,55.15,,,,BULLISH,BULLISH,WHALE_ACCUMULATION,NO_SWEEP,False,NO_FVG,NO_ORDER_BLOCK,NO_STRUCTURE_SHIFT
2026-05-16 08:57:07.804763,NO TRADE,56.96,,,,BEARISH,BULLISH,WHALE_ACCUMULATION,NO_SWEEP,False,BEARISH_FVG,NO_ORDER_BLOCK,NO_STRUCTURE_SHIFT
2026-05-16 09:06:49.269991,NO TRADE,55.39,,,,BEARISH,BULLISH,WHALE_ACCUMULATION,NO_SWEEP,False,NO_FVG,NO_ORDER_BLOCK,NO_STRUCTURE_SHIFT
2026-05-16 09:07:51.760246,NO TRADE,57.3,,,,BEARISH,BULLISH,WHALE_ACCUMULATION,NO_SWEEP,False,BEARISH_FVG,NO_ORDER_BLOCK,NO_STRUCTURE_SHIFT
2026-05-16 09:08:54.323424,NO TRADE,57.09,,,,BEARISH,BULLISH,WHALE_ACCUMULATION,NO_SWEEP,False,NO_FVG,NO_ORDER_BLOCK,NO_STRUCTURE_SHIFT
2026-05-16 09:13:34.177222,NO TRADE,50.49,,,,BEARISH,BULLISH,WHALE_ACCUMULATION,NO_SWEEP,False,NO_FVG,NO_ORDER_BLOCK,BEARISH_CHOCH
2026-05-16 09:14:35.373595,NO TRADE,63.07,,,,BEARISH,BULLISH,WHALE_ACCUMULATION,BULLISH_LIQUIDITY_SWEEP,False,NO_FVG,NO_ORDER_BLOCK,BEARISH_BOS
2026-05-16 09:15:36.768722,NO TRADE,56.55,,,,BEARISH,BULLISH,WHALE_ACCUMULATION,NO_SWEEP,False,NO_FVG,NO_ORDER_BLOCK,NO_STRUCTURE_SHIFT
2026-05-16 09:16:38.096835,NO TRADE,56.75,,,,BEARISH,BULLISH,WHALE_ACCUMULATION,NO_SWEEP,False,NO_FVG,NO_ORDER_BLOCK,NO_STRUCTURE_SHIFT
